file,class,method,constructor,line,cbo,cboModified,fanin,fanout,wmc,rfc,loc,returnsQty,variablesQty,parametersQty,methodsInvokedQty,methodsInvokedLocalQty,methodsInvokedIndirectLocalQty,loopQty,comparisonsQty,tryCatchQty,parenthesizedExpsQty,stringLiteralsQty,numbersQty,assignmentsQty,mathOperationsQty,maxNestedBlocksQty,anonymousClassesQty,innerClassesQty,lambdasQty,uniqueWordsQty,modifiers,logStatementsQty,hasJavaDoc
C:\patrones-master\01_Polimorfismo\src\test\java\com\sidlors\patterns\polimorfismo\test\PruebaFormasTest.java,com.sidlors.patterns.polimorfismo.test.PruebaFormasTest,setUp/0,false,14,2,1,0,1,1,0,3,0,0,0,0,0,0,0,0,0,0,0,0,1,0,0,0,0,0,5,9,0,false
C:\patrones-master\01_Polimorfismo\src\test\java\com\sidlors\patterns\polimorfismo\test\PruebaFormasTest.java,com.sidlors.patterns.polimorfismo.test.PruebaFormasTest,testname/0,false,19,2,2,0,2,1,2,4,0,0,0,2,0,0,0,0,0,2,0,0,0,0,0,0,0,0,5,1,0,false
C:\patrones-master\11_Comando\src\main\java\com\sidlors\patterns\comando\NoCommand.java,com.sidlors.patterns.comando.NoCommand,execute/0,false,5,0,0,0,0,1,0,2,0,0,0,0,0,0,0,0,0,0,0,0,0,0,0,0,0,0,1,1,0,false
C:\patrones-master\01_Polimorfismo\src\main\java\com\sidlors\patterns\polimorfismo\Rectangulo.java,com.sidlors.patterns.polimorfismo.Rectangulo,dibujar/0,false,13,0,2,2,0,1,1,3,0,0,0,1,0,0,0,0,0,0,1,0,0,0,0,0,0,0,3,1,0,false
C:\patrones-master\01_Polimorfismo\src\main\java\com\sidlors\patterns\polimorfismo\Rectangulo.java,com.sidlors.patterns.polimorfismo.Rectangulo,Rectangulo/0,true,7,1,6,4,2,1,2,4,0,0,0,2,0,0,0,0,0,0,0,2,0,0,0,0,0,0,4,1,0,false
C:\patrones-master\01_Polimorfismo\src\main\java\com\sidlors\patterns\polimorfismo\Rectangulo.java,com.sidlors.patterns.polimorfismo.Rectangulo,redimensionar/0,false,18,0,1,1,0,1,1,3,0,0,0,1,0,0,0,0,0,0,1,0,0,0,0,0,0,0,3,1,0,false
C:\patrones-master\14_Cadena\src\main\java\com\sidlors\patterns\chain\PruebaCadena.java,com.sidlors.patterns.chain.PruebaCadena,main/1[java.lang.String[]],false,5,3,4,0,4,3,3,21,0,5,1,3,0,0,1,2,0,0,7,3,6,0,2,0,0,0,33,9,0,false
C:\patrones-master\13_Observador\src\main\java\mx\com\sidlors\patrones\observer\Correo.java,mx.com.sidlors.patrones.observer.Correo,"actualizar/2[java.lang.String,java.lang.String]",false,5,0,0,0,0,1,1,3,0,0,2,1,0,0,0,0,0,0,2,0,0,1,0,0,0,0,3,1,0,false
C:\patrones-master\12_Decorador\src\main\java\mx\com\sidlors\patrones\decorator\Tomate.java,mx.com.sidlors.patrones.decorator.Tomate,Tomate/1[mx.com.sidlors.patrones.decorator.Hamburguesa],true,6,1,1,1,0,1,0,3,0,0,1,0,0,0,0,0,0,0,0,0,1,0,0,0,0,0,3,1,0,false
C:\patrones-master\12_Decorador\src\main\java\mx\com\sidlors\patrones\decorator\Tomate.java,mx.com.sidlors.patrones.decorator.Tomate,getDescripcion/0,false,11,1,1,0,1,1,1,3,1,0,0,1,0,0,0,0,0,0,1,0,0,1,0,0,0,0,2,1,0,false
C:\patrones-master\07_Proxy\src\main\java\com\sidlors\patterns\proxy\PersonaProxy.java,com.sidlors.patterns.proxy.PersonaProxy,decirEstado/0,false,47,0,1,1,0,1,1,3,0,0,0,1,0,0,0,0,0,0,1,0,0,0,0,0,0,0,2,1,0,false
C:\patrones-master\07_Proxy\src\main\java\com\sidlors\patterns\proxy\PersonaProxy.java,com.sidlors.patterns.proxy.PersonaProxy,PersonaProxy/0,true,12,0,1,1,0,5,6,19,0,0,0,6,0,0,0,1,1,0,5,1,4,2,1,0,0,0,17,1,0,false
C:\patrones-master\07_Proxy\src\main\java\com\sidlors\patterns\proxy\PersonaProxy.java,com.sidlors.patterns.proxy.PersonaProxy,despedirse/0,false,51,0,1,1,0,1,1,3,0,0,0,1,0,0,0,0,0,0,1,0,0,0,0,0,0,0,1,1,0,false
C:\patrones-master\07_Proxy\src\main\java\com\sidlors\patterns\proxy\PersonaProxy.java,com.sidlors.patterns.proxy.PersonaProxy,run/0,false,33,0,0,0,0,3,4,10,0,0,0,4,0,0,1,1,1,1,0,1,1,0,2,0,0,0,4,1,0,false
C:\patrones-master\07_Proxy\src\main\java\com\sidlors\patterns\proxy\PersonaProxy.java,com.sidlors.patterns.proxy.PersonaProxy,saludar/0,false,43,0,1,1,0,1,1,3,0,0,0,1,0,0,0,0,0,0,1,0,0,0,0,0,0,0,1,1,0,false
C:\patrones-master\11_Comando\src\main\java\com\sidlors\patterns\comando\App.java,com.sidlors.patterns.comando.App,main/1[java.lang.String[]],false,5,1,1,0,1,1,0,3,0,1,1,0,0,0,0,0,0,0,0,0,1,0,0,0,0,0,5,9,0,false
C:\patrones-master\13_Observador\src\main\java\mx\com\sidlors\patrones\observer\IObservador.java,mx.com.sidlors.patrones.observer.IObservador,"actualizar/2[java.lang.String,java.lang.String]",false,4,0,1,1,0,1,0,1,0,0,2,0,0,0,0,0,0,0,0,0,0,0,0,0,0,0,2,1,0,false
C:\patrones-master\15_Estado\src\main\java\com\sidlors\patterns\state\PruebaEstado.java,com.sidlors.patterns.state.PruebaEstado,muestraMenu/0,false,31,0,1,1,0,1,3,8,0,1,0,3,0,0,0,0,0,0,4,0,1,0,0,0,0,0,17,10,0,false
C:\patrones-master\15_Estado\src\main\java\com\sidlors\patterns\state\PruebaEstado.java,com.sidlors.patterns.state.PruebaEstado,main/1[java.lang.String[]],false,5,4,6,0,6,5,6,25,0,5,1,6,1,1,1,1,0,0,1,6,6,0,2,0,0,0,13,9,0,false
C:\patrones-master\19_Iterador\src\main\java\com\sidlors\patterns\iterator\Iterador.java,com.sidlors.patterns.iterator.Iterador,tieneSiguiente/0,false,4,0,1,1,0,1,0,1,0,0,0,0,0,0,0,0,0,0,0,0,0,0,0,0,0,0,2,1,0,false
C:\patrones-master\19_Iterador\src\main\java\com\sidlors\patterns\iterator\Iterador.java,com.sidlors.patterns.iterator.Iterador,siguiente/0,false,3,0,1,1,0,1,0,1,0,0,0,0,0,0,0,0,0,0,0,0,0,0,0,0,0,0,2,1,0,false
C:\patrones-master\02_Singleton\src\com\sidlors\singleton\Computadora.java,com.sidlors.singleton.Computadora,creaMarciano/0,false,10,1,2,1,1,1,1,3,0,0,0,1,0,0,0,0,0,0,0,0,0,0,0,0,0,0,2,1,0,false
C:\patrones-master\02_Singleton\src\com\sidlors\singleton\Computadora.java,com.sidlors.singleton.Computadora,Computadora/0,true,5,1,2,1,1,1,1,3,0,0,0,1,0,0,0,0,0,0,0,0,0,0,0,0,0,0,1,1,0,false
C:\patrones-master\10_Puente\src\main\java\com\sidlors\patterns\bridge\ListasBase.java,com.sidlors.patterns.bridge.ListasBase,removerItem/1[java.lang.String],false,14,1,1,0,1,1,1,3,0,0,1,1,0,0,0,0,0,0,0,0,0,0,0,0,0,0,3,1,0,false
C:\patrones-master\10_Puente\src\main\java\com\sidlors\patterns\bridge\ListasBase.java,com.sidlors.patterns.bridge.ListasBase,setImplementacion/1[com.sidlors.patterns.bridge.I_ImplLista],false,6,1,1,1,0,1,0,3,0,0,1,0,0,0,0,0,0,0,0,0,1,0,0,0,0,0,7,1,0,false
C:\patrones-master\10_Puente\src\main\java\com\sidlors\patterns\bridge\ListasBase.java,com.sidlors.patterns.bridge.ListasBase,agregarItem/1[java.lang.String],false,10,1,2,1,1,1,1,3,0,0,1,1,0,0,0,0,0,0,0,0,0,0,0,0,0,0,3,1,0,false
C:\patrones-master\10_Puente\src\main\java\com\sidlors\patterns\bridge\ListasBase.java,com.sidlors.patterns.bridge.ListasBase,cuentaItems/0,false,18,1,2,1,1,1,1,3,1,0,0,1,0,0,0,0,0,0,0,0,0,0,0,0,0,0,2,1,0,false
C:\patrones-master\10_Puente\src\main\java\com\sidlors\patterns\bridge\ListasBase.java,com.sidlors.patterns.bridge.ListasBase,obtenerItem/1[int],false,22,1,2,1,1,1,1,3,1,0,1,1,0,0,0,0,0,0,0,0,0,0,0,0,0,0,3,1,0,false
C:\patrones-master\04_Builder\src\main\java\com\sidlors\builder\NutritionFacts.java,com.sidlors.builder.NutritionFacts$Builder,"Builder/2[int,int]",true,56,0,1,1,0,1,0,4,0,0,2,0,0,0,0,0,0,0,0,0,2,0,0,0,0,0,4,1,0,false
C:\patrones-master\04_Builder\src\main\java\com\sidlors\builder\NutritionFacts.java,com.sidlors.builder.NutritionFacts$Builder,calories/1[int],false,61,1,1,1,0,1,0,4,1,0,1,0,0,0,0,0,0,0,0,0,1,0,0,0,0,0,3,1,0,false
C:\patrones-master\04_Builder\src\main\java\com\sidlors\builder\NutritionFacts.java,com.sidlors.builder.NutritionFacts$Builder,fat/1[int],false,66,1,0,0,0,1,0,4,1,0,1,0,0,0,0,0,0,0,0,0,1,0,0,0,0,0,3,1,0,false
C:\patrones-master\04_Builder\src\main\java\com\sidlors\builder\NutritionFacts.java,com.sidlors.builder.NutritionFacts$Builder,build/0,false,81,1,2,1,1,1,0,3,1,0,0,0,0,0,0,0,0,0,0,0,0,0,0,0,0,0,3,1,0,false
C:\patrones-master\04_Builder\src\main\java\com\sidlors\builder\NutritionFacts.java,com.sidlors.builder.NutritionFacts$Builder,sodium/1[int],false,76,1,1,1,0,1,0,4,1,0,1,0,0,0,0,0,0,0,0,0,1,0,0,0,0,0,3,1,0,false
C:\patrones-master\04_Builder\src\main\java\com\sidlors\builder\NutritionFacts.java,com.sidlors.builder.NutritionFacts$Builder,carbohydrate/1[int],false,71,1,1,1,0,1,0,4,1,0,1,0,0,0,0,0,0,0,0,0,1,0,0,0,0,0,3,1,0,false
C:\patrones-master\13_Observador\src\main\java\mx\com\sidlors\patrones\observer\Auditor.java,mx.com.sidlors.patrones.observer.Auditor,"actualizar/2[java.lang.String,java.lang.String]",false,5,0,0,0,0,1,1,3,0,0,2,1,0,0,0,0,0,0,2,0,0,1,0,0,0,0,5,1,0,false
C:\patrones-master\19_Iterador\src\main\java\com\sidlors\patterns\iterator\ListaNumerosIterador.java,com.sidlors.patterns.iterator.ListaNumerosIterador,tieneSiguiente/0,false,17,0,0,0,0,3,0,8,2,0,0,0,0,0,0,1,0,0,0,1,0,0,1,0,0,0,5,1,0,false
C:\patrones-master\19_Iterador\src\main\java\com\sidlors\patterns\iterator\ListaNumerosIterador.java,com.sidlors.patterns.iterator.ListaNumerosIterador,siguiente/0,false,12,0,0,0,0,1,0,3,1,0,0,0,0,0,0,0,0,0,0,0,0,0,0,0,0,0,2,1,0,false
C:\patrones-master\19_Iterador\src\main\java\com\sidlors\patterns\iterator\ListaNumerosIterador.java,com.sidlors.patterns.iterator.ListaNumerosIterador,ListaNumerosIterador/1[int[]],true,6,1,1,1,0,1,0,4,0,0,1,0,0,0,0,0,0,0,0,1,2,0,0,0,0,0,4,1,0,false
C:\patrones-master\15_Estado\src\main\java\com\sidlors\patterns\state\Mantenimiento.java,com.sidlors.patterns.state.Mantenimiento,ejecutarAccion/0,false,4,0,0,0,0,1,1,4,0,0,0,1,0,0,0,0,0,0,2,0,0,0,0,0,0,0,8,1,0,false
C:\patrones-master\00_Compuesto\src\main\java\com\sidlors\patterns\composition\PruebaCompuesto.java,com.sidlors.patterns.composition.PruebaCompuesto,main/1[java.lang.String[]],false,3,1,1,0,1,1,1,4,0,1,1,1,0,0,0,0,0,0,0,0,1,0,0,0,0,0,5,9,0,false
C:\patrones-master\04_Builder\src\main\java\com\sidlors\builder\NutritionFacts.java,com.sidlors.builder.NutritionFacts,getServings/0,false,17,0,0,0,0,1,0,3,1,0,0,0,0,0,0,0,0,0,0,0,0,0,0,0,0,0,3,1,0,false
C:\patrones-master\04_Builder\src\main\java\com\sidlors\builder\NutritionFacts.java,com.sidlors.builder.NutritionFacts,getSodium/0,false,29,0,1,1,0,1,0,3,1,0,0,0,0,0,0,0,0,0,0,0,0,0,0,0,0,0,3,1,0,false
C:\patrones-master\04_Builder\src\main\java\com\sidlors\builder\NutritionFacts.java,com.sidlors.builder.NutritionFacts,getCarbohydrate/0,false,33,0,1,1,0,1,0,3,1,0,0,0,0,0,0,0,0,0,0,0,0,0,0,0,0,0,3,1,0,false
C:\patrones-master\04_Builder\src\main\java\com\sidlors\builder\NutritionFacts.java,com.sidlors.builder.NutritionFacts,getFat/0,false,25,0,0,0,0,1,0,3,1,0,0,0,0,0,0,0,0,0,0,0,0,0,0,0,0,0,3,1,0,false
C:\patrones-master\04_Builder\src\main\java\com\sidlors\builder\NutritionFacts.java,com.sidlors.builder.NutritionFacts,getCalories/0,false,21,0,1,1,0,1,0,3,1,0,0,0,0,0,0,0,0,0,0,0,0,0,0,0,0,0,3,1,0,false
C:\patrones-master\04_Builder\src\main\java\com\sidlors\builder\NutritionFacts.java,com.sidlors.builder.NutritionFacts,getServingSize/0,false,13,0,0,0,0,1,0,3,1,0,0,0,0,0,0,0,0,0,0,0,0,0,0,0,0,0,4,1,0,false
C:\patrones-master\04_Builder\src\main\java\com\sidlors\builder\NutritionFacts.java,com.sidlors.builder.NutritionFacts,NutritionFacts/1[com.sidlors.builder.NutritionFacts.Builder],true,37,1,1,1,0,1,0,8,0,0,1,0,0,0,0,0,0,0,0,0,6,0,0,0,0,0,11,2,0,false
C:\patrones-master\05.1_FactoryMethod\src\main\java\mx\com\sidors\method\factory\modelo\TVBase.java,mx.com.sidors.method.factory.modelo.TVBase,setColor/1[java.lang.String],false,41,0,0,0,0,1,0,3,0,0,1,0,0,0,0,0,0,0,0,0,1,0,0,0,0,0,3,1,0,false
C:\patrones-master\05.1_FactoryMethod\src\main\java\mx\com\sidors\method\factory\modelo\TVBase.java,mx.com.sidors.method.factory.modelo.TVBase,verDescripcion/0,false,17,0,2,2,0,1,0,3,1,0,0,0,0,0,0,0,0,0,3,0,0,1,0,0,0,0,10,1,0,true
C:\patrones-master\05.1_FactoryMethod\src\main\java\mx\com\sidors\method\factory\modelo\TVBase.java,mx.com.sidors.method.factory.modelo.TVBase,setDescripcion/1[java.lang.String],false,25,0,0,0,0,1,0,3,0,0,1,0,0,0,0,0,0,0,0,0,1,0,0,0,0,0,3,1,0,false
C:\patrones-master\05.1_FactoryMethod\src\main\java\mx\com\sidors\method\factory\modelo\TVBase.java,mx.com.sidors.method.factory.modelo.TVBase,getDescripcion/0,false,21,0,0,0,0,1,0,3,1,0,0,0,0,0,0,0,0,0,0,0,0,0,0,0,0,0,3,1,0,false
C:\patrones-master\05.1_FactoryMethod\src\main\java\mx\com\sidors\method\factory\modelo\TVBase.java,mx.com.sidors.method.factory.modelo.TVBase,getColor/0,false,37,0,0,0,0,1,0,3,1,0,0,0,0,0,0,0,0,0,0,0,0,0,0,0,0,0,3,1,0,false
C:\patrones-master\05.1_FactoryMethod\src\main\java\mx\com\sidors\method\factory\modelo\TVBase.java,mx.com.sidors.method.factory.modelo.TVBase,setTipoPantalla/1[java.lang.String],false,33,0,0,0,0,1,0,3,0,0,1,0,0,0,0,0,0,0,0,0,1,0,0,0,0,0,4,1,0,false
C:\patrones-master\05.1_FactoryMethod\src\main\java\mx\com\sidors\method\factory\modelo\TVBase.java,mx.com.sidors.method.factory.modelo.TVBase,getTipoPantalla/0,false,29,0,0,0,0,1,0,3,1,0,0,0,0,0,0,0,0,0,0,0,0,0,0,0,0,0,4,1,0,false
C:\patrones-master\19_Iterador\src\main\java\com\sidlors\patterns\iterator\ListaNumeros.java,com.sidlors.patterns.iterator.ListaNumeros,ListaNumeros/0,true,6,1,1,1,0,1,0,4,0,0,0,0,0,0,0,0,0,0,0,2,2,0,0,0,0,0,4,1,0,false
C:\patrones-master\19_Iterador\src\main\java\com\sidlors\patterns\iterator\ListaNumeros.java,com.sidlors.patterns.iterator.ListaNumeros,agregar/1[int],false,11,0,1,1,0,1,0,3,0,0,1,0,0,0,0,0,0,0,0,0,1,0,0,0,0,0,2,1,0,false
C:\patrones-master\19_Iterador\src\main\java\com\sidlors\patterns\iterator\ListaNumeros.java,com.sidlors.patterns.iterator.ListaNumeros,iterador/0,false,15,1,2,1,1,1,0,3,1,0,0,0,0,0,0,0,0,0,0,0,0,0,0,0,0,0,5,1,0,false
C:\patrones-master\09_Fachada\src\main\java\com\sidlors\patterns\facade\ClienteParaRedesSociales.java,com.sidlors.patterns.facade.ClienteParaRedesSociales,main/1[java.lang.String[]],false,14,1,2,0,2,1,1,4,0,1,1,1,1,1,0,0,0,0,0,0,1,0,0,0,0,0,6,9,0,false
C:\patrones-master\09_Fachada\src\main\java\com\sidlors\patterns\facade\ClienteParaRedesSociales.java,com.sidlors.patterns.facade.ClienteParaRedesSociales,ClienteParaRedesSociales/0,true,5,1,2,1,1,1,0,3,0,0,0,0,0,0,0,0,0,0,0,0,1,0,0,0,0,0,6,1,0,false
C:\patrones-master\09_Fachada\src\main\java\com\sidlors\patterns\facade\ClienteParaRedesSociales.java,com.sidlors.patterns.facade.ClienteParaRedesSociales,encenderCPU/0,false,9,1,2,1,1,1,2,4,0,0,0,2,0,0,0,0,0,0,1,0,0,0,0,0,0,0,10,1,0,false
C:\patrones-master\05.1_FactoryMethod\src\test\java\mx\com\sidors\AppTest.java,mx.com.sidors.AppTest,AppTest/1[java.lang.String],true,22,0,0,0,0,1,0,3,0,0,1,0,0,0,0,0,0,0,0,0,0,0,0,0,0,0,8,1,0,true
C:\patrones-master\05.1_FactoryMethod\src\test\java\mx\com\sidors\AppTest.java,mx.com.sidors.AppTest,suite/0,false,29,3,0,0,0,1,0,3,1,0,0,0,0,0,0,0,0,0,0,0,0,0,0,0,0,0,8,9,0,true
C:\patrones-master\05.1_FactoryMethod\src\test\java\mx\com\sidors\AppTest.java,mx.com.sidors.AppTest,testApp/0,false,36,3,3,0,3,1,5,6,0,2,0,5,0,0,0,0,0,0,3,0,2,0,0,0,0,0,12,1,0,true
C:\patrones-master\05_AbstractFactory\src\com\sidlors\abstracfactory\OracleConexion.java,com.sidlors.abstracfactory.OracleConexion,OracleConexion/0,true,5,0,1,1,0,1,0,2,0,0,0,0,0,0,0,0,0,0,0,0,0,0,0,0,0,0,2,1,0,false
C:\patrones-master\05_AbstractFactory\src\com\sidlors\abstracfactory\OracleConexion.java,com.sidlors.abstracfactory.OracleConexion,descripcion/0,false,10,0,0,0,0,1,0,3,1,0,0,0,0,0,0,0,0,0,1,0,0,0,0,0,0,0,2,1,0,false
C:\patrones-master\06_Prototype\src\main\java\com\sidlors\patterns\prototype\Persona.java,com.sidlors.patterns.prototype.Persona,getNombre/0,false,13,0,1,1,0,1,0,3,1,0,0,0,0,0,0,0,0,0,0,0,0,0,0,0,0,0,2,1,0,false
C:\patrones-master\06_Prototype\src\main\java\com\sidlors\patterns\prototype\Persona.java,com.sidlors.patterns.prototype.Persona,Persona/1[java.lang.String],true,5,0,1,1,0,1,0,3,0,0,1,0,0,0,0,0,0,0,0,0,1,0,0,0,0,0,2,1,0,false
C:\patrones-master\06_Prototype\src\main\java\com\sidlors\patterns\prototype\Persona.java,com.sidlors.patterns.prototype.Persona,setNombre/1[java.lang.String],false,9,0,1,1,0,1,0,3,0,0,1,0,0,0,0,0,0,0,0,0,1,0,0,0,0,0,3,1,0,false
C:\patrones-master\03_Factory\src\main\java\com\sidlors\objects\OracleConexion.java,com.sidlors.objects.OracleConexion,OracleConexion/0,true,5,0,1,1,0,1,0,2,0,0,0,0,0,0,0,0,0,0,0,0,0,0,0,0,0,0,2,1,0,false
C:\patrones-master\03_Factory\src\main\java\com\sidlors\objects\OracleConexion.java,com.sidlors.objects.OracleConexion,descripcion/0,false,10,0,0,0,0,1,0,3,1,0,0,0,0,0,0,0,0,0,1,0,0,0,0,0,0,0,2,1,0,false
C:\patrones-master\05_AbstractFactory\src\com\sidlors\abstracfactory\SqlServerConexion.java,com.sidlors.abstracfactory.SqlServerConexion,descripcion/0,false,10,0,0,0,0,1,0,3,1,0,0,0,0,0,0,0,0,0,1,0,0,0,0,0,0,0,2,1,0,false
C:\patrones-master\05_AbstractFactory\src\com\sidlors\abstracfactory\SqlServerConexion.java,com.sidlors.abstracfactory.SqlServerConexion,SqlServerConexion/0,true,5,0,1,1,0,1,0,2,0,0,0,0,0,0,0,0,0,0,0,0,0,0,0,0,0,0,3,1,0,false
C:\patrones-master\13_Observador\src\main\java\mx\com\sidlors\patrones\subject\ISujeto.java,mx.com.sidlors.patrones.subject.ISujeto,registrarObs/1[mx.com.sidlors.patrones.observer.IObservador],false,7,1,0,0,0,1,0,1,0,0,1,0,0,0,0,0,0,0,0,0,0,0,0,0,0,0,5,1025,0,false
C:\patrones-master\13_Observador\src\main\java\mx\com\sidlors\patrones\subject\ISujeto.java,mx.com.sidlors.patrones.subject.ISujeto,notificar/0,false,11,0,0,0,0,1,0,1,0,0,0,0,0,0,0,0,0,0,0,0,0,0,0,0,0,0,1,1025,0,false
C:\patrones-master\13_Observador\src\main\java\mx\com\sidlors\patrones\subject\ISujeto.java,mx.com.sidlors.patrones.subject.ISujeto,retirarObs/1[mx.com.sidlors.patrones.observer.IObservador],false,9,1,0,0,0,1,0,1,0,0,1,0,0,0,0,0,0,0,0,0,0,0,0,0,0,0,5,1025,0,false
C:\patrones-master\01_Polimorfismo\src\main\java\com\sidlors\patterns\polimorfismo\HeredaAbstracta.java,com.sidlors.patterns.polimorfismo.HeredaAbstracta,HeredaAbstracta/0,true,9,2,4,1,3,1,3,5,0,0,0,3,2,1,0,0,0,0,1,0,0,0,0,0,0,0,6,1,0,false
C:\patrones-master\01_Polimorfismo\src\main\java\com\sidlors\patterns\polimorfismo\HeredaAbstracta.java,com.sidlors.patterns.polimorfismo.HeredaAbstracta,main/1[java.lang.String[]],false,19,1,1,0,1,1,0,3,0,1,1,0,0,0,0,0,0,0,0,0,1,0,0,0,0,0,5,9,0,false
C:\patrones-master\01_Polimorfismo\src\main\java\com\sidlors\patterns\polimorfismo\HeredaAbstracta.java,com.sidlors.patterns.polimorfismo.HeredaAbstracta,darNombre/1[java.lang.String],false,15,0,1,1,0,1,0,3,0,0,1,0,0,0,0,0,0,0,0,0,1,0,0,0,0,0,3,1,0,false
C:\patrones-master\01_Polimorfismo\src\main\java\com\sidlors\patterns\polimorfismo\HeredaAbstracta.java,com.sidlors.patterns.polimorfismo.HeredaAbstracta,despedirse/0,false,5,0,1,1,0,1,1,3,0,0,0,1,0,0,0,0,0,0,1,0,0,1,0,0,0,0,1,1,0,false
C:\patrones-master\14_Cadena\src\main\java\com\sidlors\patterns\chain\FrontEnd.java,com.sidlors.patterns.chain.FrontEnd,getAyuda/1[int],false,11,1,2,1,1,2,2,8,0,0,1,2,0,0,0,1,0,0,1,0,0,0,1,0,0,0,14,1,0,false
C:\patrones-master\14_Cadena\src\main\java\com\sidlors\patterns\chain\FrontEnd.java,com.sidlors.patterns.chain.FrontEnd,FrontEnd/1[com.sidlors.patterns.chain.InterfaceAyuda],true,6,1,1,1,0,1,0,3,0,0,1,0,0,0,0,0,0,0,0,0,1,0,0,0,0,0,5,1,0,false
C:\patrones-master\01_Polimorfismo\src\main\java\com\sidlors\patterns\polimorfismo\abstracta\ClaseAbstracta.java,com.sidlors.patterns.polimorfismo.abstracta.ClaseAbstracta,despedirse/0,false,15,0,0,0,0,1,0,1,0,0,0,0,0,0,0,0,0,0,0,0,0,0,0,0,0,0,1,1025,0,false
C:\patrones-master\01_Polimorfismo\src\main\java\com\sidlors\patterns\polimorfismo\abstracta\ClaseAbstracta.java,com.sidlors.patterns.polimorfismo.abstracta.ClaseAbstracta,saludar/0,false,11,0,1,1,0,1,1,3,0,0,0,1,0,0,0,0,0,0,1,0,0,1,0,0,0,0,2,1,1,false
C:\patrones-master\00_Compuesto\src\main\java\com\sidlors\patterns\composition\ProgramarProyecto.java,com.sidlors.patterns.composition.ProgramarProyecto,creaSubProPruebas/0,false,110,3,5,1,4,1,1,10,0,4,0,1,0,0,0,0,0,0,4,2,4,0,0,0,0,0,19,1,0,false
C:\patrones-master\00_Compuesto\src\main\java\com\sidlors\patterns\composition\ProgramarProyecto.java,com.sidlors.patterns.composition.ProgramarProyecto,ProgramarProyecto/0,true,11,2,9,1,8,1,8,10,0,0,0,8,7,1,0,0,0,0,0,0,0,0,0,0,0,0,12,1,0,false
C:\patrones-master\00_Compuesto\src\main\java\com\sidlors\patterns\composition\ProgramarProyecto.java,com.sidlors.patterns.composition.ProgramarProyecto,creaSubProDesarrollo/0,false,89,3,6,1,5,1,2,16,0,7,0,2,0,0,0,0,0,0,7,5,7,0,0,0,0,0,24,1,0,false
C:\patrones-master\00_Compuesto\src\main\java\com\sidlors\patterns\composition\ProgramarProyecto.java,com.sidlors.patterns.composition.ProgramarProyecto,creaSubProDiseno/0,false,72,3,5,1,4,1,1,12,0,5,0,1,0,0,0,0,0,0,5,3,5,0,0,0,0,0,18,1,0,false
C:\patrones-master\00_Compuesto\src\main\java\com\sidlors\patterns\composition\ProgramarProyecto.java,com.sidlors.patterns.composition.ProgramarProyecto,creaProyectoPrincipal/0,false,41,1,2,1,1,1,0,3,0,0,0,0,0,0,0,0,0,0,1,0,1,0,0,0,0,0,6,1,0,false
C:\patrones-master\00_Compuesto\src\main\java\com\sidlors\patterns\composition\ProgramarProyecto.java,com.sidlors.patterns.composition.ProgramarProyecto,creaResponsables/0,false,22,1,2,1,1,1,0,18,0,0,0,0,0,0,0,0,0,0,32,0,16,0,0,0,0,0,24,1,0,false
C:\patrones-master\00_Compuesto\src\main\java\com\sidlors\patterns\composition\ProgramarProyecto.java,com.sidlors.patterns.composition.ProgramarProyecto,creaSubProAnalisis/0,false,45,3,6,1,5,1,2,20,0,9,0,2,0,0,0,0,0,0,9,7,9,0,0,0,0,0,20,1,0,false
C:\patrones-master\00_Compuesto\src\main\java\com\sidlors\patterns\composition\ProgramarProyecto.java,com.sidlors.patterns.composition.ProgramarProyecto,creaSubProImplementacion/0,false,125,3,5,1,4,1,1,10,0,4,0,1,0,0,0,0,0,0,4,2,4,0,0,0,0,0,14,1,0,false
C:\patrones-master\01_Polimorfismo\src\main\java\com\sidlors\patterns\polimorfismo\Forma.java,com.sidlors.patterns.polimorfismo.Forma,dondeEstoy/0,false,11,0,0,0,0,1,1,4,0,1,0,1,0,0,0,0,0,0,2,0,1,1,0,0,0,0,7,4,0,false
C:\patrones-master\01_Polimorfismo\src\main\java\com\sidlors\patterns\polimorfismo\Forma.java,com.sidlors.patterns.polimorfismo.Forma,dibujar/0,false,17,0,0,0,0,1,0,1,0,0,0,0,0,0,0,0,0,0,0,0,0,0,0,0,0,0,1,1028,0,false
C:\patrones-master\01_Polimorfismo\src\main\java\com\sidlors\patterns\polimorfismo\Forma.java,com.sidlors.patterns.polimorfismo.Forma,"mover/2[int,int]",false,6,0,0,0,0,1,0,4,0,0,2,0,0,0,0,0,0,0,0,0,2,0,0,0,0,0,5,4,0,false
C:\patrones-master\01_Polimorfismo\src\main\java\com\sidlors\patterns\polimorfismo\Forma.java,com.sidlors.patterns.polimorfismo.Forma,redimensionar/0,false,18,0,0,0,0,1,0,1,0,0,0,0,0,0,0,0,0,0,0,0,0,0,0,0,0,0,1,1028,0,false
C:\patrones-master\01_Polimorfismo\src\main\java\com\sidlors\patterns\polimorfismo\abstracta\Forma.java,com.sidlors.patterns.polimorfismo.abstracta.Forma,"mover/2[int,int]",false,12,0,1,1,0,1,0,4,0,0,2,0,0,0,0,0,0,0,0,0,2,0,0,0,0,0,5,4,0,false
C:\patrones-master\01_Polimorfismo\src\main\java\com\sidlors\patterns\polimorfismo\abstracta\Forma.java,com.sidlors.patterns.polimorfismo.abstracta.Forma,redimensionar/0,false,23,0,1,1,0,1,0,1,0,0,0,0,0,0,0,0,0,0,0,0,0,0,0,0,0,0,1,1025,0,false
C:\patrones-master\01_Polimorfismo\src\main\java\com\sidlors\patterns\polimorfismo\abstracta\Forma.java,com.sidlors.patterns.polimorfismo.abstracta.Forma,dondeEstoy/0,false,17,0,1,1,0,1,1,4,0,1,0,1,0,0,0,0,0,0,2,0,1,1,0,0,0,0,7,4,1,false
C:\patrones-master\01_Polimorfismo\src\main\java\com\sidlors\patterns\polimorfismo\abstracta\Forma.java,com.sidlors.patterns.polimorfismo.abstracta.Forma,dibujar/0,false,22,0,2,2,0,1,0,1,0,0,0,0,0,0,0,0,0,0,0,0,0,0,0,0,0,0,1,1025,0,false
C:\patrones-master\07.1_Proxy\src\main\java\mx\sidlors\pattern\proxy\ThirdPartyYoutubeClass.java,mx.sidlors.pattern.proxy.ThirdPartyYoutubeClass,getVideo/1[java.lang.String],false,15,2,2,0,2,1,2,4,1,0,1,2,2,3,0,0,0,0,1,0,0,1,0,0,0,0,8,1,0,false
C:\patrones-master\07.1_Proxy\src\main\java\mx\sidlors\pattern\proxy\ThirdPartyYoutubeClass.java,mx.sidlors.pattern.proxy.ThirdPartyYoutubeClass,connectToServer/1[java.lang.String],false,38,1,3,2,1,1,2,5,0,0,1,2,1,2,0,0,0,0,4,0,0,2,0,0,0,0,8,2,0,false
C:\patrones-master\07.1_Proxy\src\main\java\mx\sidlors\pattern\proxy\ThirdPartyYoutubeClass.java,mx.sidlors.pattern.proxy.ThirdPartyYoutubeClass,popularVideos/0,false,9,2,2,0,2,1,2,4,1,0,0,2,2,3,0,0,0,0,1,0,0,0,0,0,0,0,7,1,0,false
C:\patrones-master\07.1_Proxy\src\main\java\mx\sidlors\pattern\proxy\ThirdPartyYoutubeClass.java,mx.sidlors.pattern.proxy.ThirdPartyYoutubeClass,getRandomVideos/0,false,44,2,3,1,2,1,3,12,1,1,0,3,1,2,0,0,0,0,18,0,1,1,0,0,0,0,11,2,0,false
C:\patrones-master\07.1_Proxy\src\main\java\mx\sidlors\pattern\proxy\ThirdPartyYoutubeClass.java,mx.sidlors.pattern.proxy.ThirdPartyYoutubeClass,"random/2[int,int]",false,23,0,1,1,0,1,1,3,1,0,2,1,0,0,0,0,0,3,0,1,0,4,0,0,0,0,3,2,0,false
C:\patrones-master\07.1_Proxy\src\main\java\mx\sidlors\pattern\proxy\ThirdPartyYoutubeClass.java,mx.sidlors.pattern.proxy.ThirdPartyYoutubeClass,getSomeVideo/1[java.lang.String],false,59,2,3,1,2,1,2,7,1,1,1,2,1,2,0,0,0,0,4,0,1,1,0,0,0,0,8,2,0,false
C:\patrones-master\07.1_Proxy\src\main\java\mx\sidlors\pattern\proxy\ThirdPartyYoutubeClass.java,mx.sidlors.pattern.proxy.ThirdPartyYoutubeClass,experienceNetworkLatency/0,false,27,1,4,3,1,3,3,11,0,2,0,3,1,1,1,0,1,0,0,4,2,0,2,0,0,0,8,2,0,false
C:\patrones-master\09_Fachada\src\main\java\com\sidlors\patterns\facade\Fachada.java,com.sidlors.patterns.facade.Fachada,Fachada/0,true,5,1,3,2,1,1,0,3,0,0,0,0,0,0,0,0,0,0,0,0,1,0,0,0,0,0,6,1,0,false
C:\patrones-master\09_Fachada\src\main\java\com\sidlors\patterns\facade\Fachada.java,com.sidlors.patterns.facade.Fachada,encenderCPU/0,false,9,1,14,2,12,2,13,17,0,0,0,13,0,0,0,0,0,0,2,1,0,0,1,0,0,0,16,1,0,false
C:\patrones-master\12_Decorador\src\main\java\mx\com\sidlors\patrones\decorator\Lechuga.java,mx.com.sidlors.patrones.decorator.Lechuga,Lechuga/1[mx.com.sidlors.patrones.decorator.Hamburguesa],true,6,1,1,1,0,1,0,3,0,0,1,0,0,0,0,0,0,0,0,0,1,0,0,0,0,0,3,1,0,false
C:\patrones-master\12_Decorador\src\main\java\mx\com\sidlors\patrones\decorator\Lechuga.java,mx.com.sidlors.patrones.decorator.Lechuga,getDescripcion/0,false,11,1,1,0,1,1,1,3,1,0,0,1,0,0,0,0,0,0,1,0,0,1,0,0,0,0,2,1,0,false
C:\patrones-master\04.1_Builder\src\main\java\com\sidlors\builder2\PersonaBuilder.java,com.sidlors.builder2.PersonaBuilder,PersonaBuilder/0,true,16,1,2,1,1,1,0,3,0,0,0,0,0,0,0,0,0,0,0,0,1,0,0,0,0,0,2,1,0,false
C:\patrones-master\04.1_Builder\src\main\java\com\sidlors\builder2\PersonaBuilder.java,com.sidlors.builder2.PersonaBuilder,setGenero/1[java.lang.Character],false,39,2,3,1,2,1,2,5,1,0,1,2,1,1,0,0,0,0,0,0,0,0,0,0,0,0,7,1,0,false
C:\patrones-master\04.1_Builder\src\main\java\com\sidlors\builder2\PersonaBuilder.java,com.sidlors.builder2.PersonaBuilder,build/0,false,8,1,1,1,0,1,0,3,1,0,0,0,0,0,0,0,0,0,0,0,0,0,0,0,0,0,2,1,0,false
C:\patrones-master\04.1_Builder\src\main\java\com\sidlors\builder2\PersonaBuilder.java,com.sidlors.builder2.PersonaBuilder,setNombre/1[java.lang.String],false,21,2,3,1,2,1,2,5,1,0,1,2,1,1,0,0,0,0,0,0,0,0,0,0,0,0,6,1,0,false
C:\patrones-master\04.1_Builder\src\main\java\com\sidlors\builder2\PersonaBuilder.java,com.sidlors.builder2.PersonaBuilder,setPersona/1[com.sidlors.builder2.Persona],false,12,1,5,5,0,1,0,3,0,0,1,0,0,0,0,0,0,0,0,0,1,0,0,0,0,0,3,2,0,false
C:\patrones-master\04.1_Builder\src\main\java\com\sidlors\builder2\PersonaBuilder.java,com.sidlors.builder2.PersonaBuilder,setEdad/1[int],false,33,2,3,1,2,1,2,5,1,0,1,2,1,1,0,0,0,0,0,0,0,0,0,0,0,0,6,1,0,false
C:\patrones-master\04.1_Builder\src\main\java\com\sidlors\builder2\PersonaBuilder.java,com.sidlors.builder2.PersonaBuilder,setApellido/1[java.lang.String],false,27,2,3,1,2,1,2,5,1,0,1,2,1,1,0,0,0,0,0,0,0,0,0,0,0,0,6,1,0,false
C:\patrones-master\04.1_Builder\src\main\java\com\sidlors\builder2\PersonaBuilder.java,com.sidlors.builder2.PersonaBuilder,setNacionalidad/1[java.lang.String],false,45,2,3,1,2,1,2,5,1,0,1,2,1,1,0,0,0,0,0,0,0,0,0,0,0,0,6,1,0,false
C:\patrones-master\16_Estrategia\src\main\java\mx\com\sidlors\patrones\strategy\contexto\AvionComercial.java,mx.com.sidlors.patrones.strategy.contexto.AvionComercial,AvionComercial/0,true,4,0,1,1,0,1,0,2,0,0,0,0,0,0,0,0,0,0,0,0,0,0,0,0,0,0,2,1,0,false
C:\patrones-master\15_Estado\src\main\java\com\sidlors\patterns\state\Alarma.java,com.sidlors.patterns.state.Alarma,setEstado/1[com.sidlors.patterns.state.Estado],false,5,1,1,1,0,1,0,3,0,0,1,0,0,0,0,0,0,0,0,0,1,0,0,0,0,0,3,1,0,false
C:\patrones-master\15_Estado\src\main\java\com\sidlors\patterns\state\Alarma.java,com.sidlors.patterns.state.Alarma,ejecutarAccion/0,false,9,1,2,1,1,1,1,3,0,0,0,1,0,0,0,0,0,0,0,0,0,0,0,0,0,0,2,1,0,false
C:\patrones-master\06_Prototype\src\main\java\com\sidlors\patterns\prototype\PruebaFiguras.java,com.sidlors.patterns.prototype.PruebaFiguras,main/1[java.lang.String[]],false,4,3,16,0,16,2,17,42,0,7,1,17,0,0,0,1,0,0,17,5,8,5,1,0,0,0,26,9,0,false
C:\patrones-master\12_Decorador\src\main\java\mx\com\sidlors\patrones\decorator\Queso.java,mx.com.sidlors.patrones.decorator.Queso,Queso/1[mx.com.sidlors.patrones.decorator.Hamburguesa],true,6,1,1,1,0,1,0,3,0,0,1,0,0,0,0,0,0,0,0,0,1,0,0,0,0,0,3,1,0,false
C:\patrones-master\12_Decorador\src\main\java\mx\com\sidlors\patrones\decorator\Queso.java,mx.com.sidlors.patrones.decorator.Queso,getDescripcion/0,false,11,1,1,0,1,1,1,3,1,0,0,1,0,0,0,0,0,0,1,0,0,1,0,0,0,0,2,1,0,false
C:\patrones-master\07.1_Proxy\src\main\java\mx\sidlors\pattern\proxy\model\Video.java,mx.sidlors.pattern.proxy.model.Video,"Video/2[java.lang.String,java.lang.String]",true,9,0,2,2,0,1,0,5,0,0,2,0,0,0,0,0,0,0,1,0,3,0,0,0,0,0,3,1,0,false
C:\patrones-master\16_Estrategia\src\main\java\mx\com\sidlors\patrones\strategy\estrategias\Algoritmo.java,mx.com.sidlors.patrones.strategy.estrategias.Algoritmo,moverse/0,false,4,0,1,1,0,1,0,1,0,0,0,0,0,0,0,0,0,0,0,0,0,0,0,0,0,0,1,1,0,false
C:\patrones-master\16_Estrategia\src\main\java\mx\com\sidlors\patrones\strategy\estrategias\EnAire.java,mx.com.sidlors.patrones.strategy.estrategias.EnAire,moverse/0,false,6,0,0,0,0,1,1,3,0,0,0,1,0,0,0,0,0,0,1,0,0,0,0,0,0,0,3,1,0,false
C:\patrones-master\05.1_FactoryMethod\src\main\java\mx\com\sidors\method\factory\modelo\LCD.java,mx.com.sidors.method.factory.modelo.LCD,"LCD/3[java.lang.String,java.lang.String,java.lang.String]",true,5,0,1,1,0,1,3,5,0,0,3,3,0,0,0,0,0,0,0,0,0,0,0,0,0,0,7,1,0,false
C:\patrones-master\10_Puente\src\main\java\com\sidlors\patterns\bridge\ListaVineta.java,com.sidlors.patterns.bridge.ListaVineta,obtenerItem/1[int],false,15,0,1,1,0,1,1,3,1,0,1,1,0,0,0,0,0,0,1,0,0,1,0,0,0,0,5,1,0,false
C:\patrones-master\10_Puente\src\main\java\com\sidlors\patterns\bridge\ListaVineta.java,com.sidlors.patterns.bridge.ListaVineta,setTipoItem/1[char],false,6,0,1,1,0,2,0,8,0,0,1,0,0,0,0,0,0,0,0,0,2,0,1,0,0,0,6,1,0,false
C:\patrones-master\05_AbstractFactory\src\com\sidlors\abstracfactory\PostgresqlConexion.java,com.sidlors.abstracfactory.PostgresqlConexion,PostgresqlConexion/0,true,6,0,1,1,0,1,0,2,0,0,0,0,0,0,0,0,0,0,0,0,0,0,0,0,0,0,2,1,0,false
C:\patrones-master\05_AbstractFactory\src\com\sidlors\abstracfactory\PostgresqlConexion.java,com.sidlors.abstracfactory.PostgresqlConexion,descripcion/0,false,10,0,0,0,0,1,0,3,1,0,0,0,0,0,0,0,0,0,1,0,0,0,0,0,0,0,2,1,0,false
C:\patrones-master\00_Compuesto\src\main\java\com\sidlors\patterns\composition\ItemProyecto.java,com.sidlors.patterns.composition.ItemProyecto,imprimir/0,false,5,0,2,2,0,1,0,1,0,0,0,0,0,0,0,0,0,0,0,0,0,0,0,0,0,0,1,1,0,false
C:\patrones-master\00_Compuesto\src\main\java\com\sidlors\patterns\composition\ItemProyecto.java,com.sidlors.patterns.composition.ItemProyecto,getTiempo/0,false,4,0,2,2,0,1,0,1,0,0,0,0,0,0,0,0,0,0,0,0,0,0,0,0,0,0,2,1,0,false
C:\patrones-master\12_Decorador\src\main\java\mx\com\sidlors\patrones\decorator\DecoradorHamburguesa.java,mx.com.sidlors.patrones.decorator.DecoradorHamburguesa,getDescripcion/0,false,4,0,0,0,0,1,0,1,0,0,0,0,0,0,0,0,0,0,0,0,0,0,0,0,0,0,2,1025,0,false
C:\patrones-master\05.1_FactoryMethod\src\main\java\mx\com\sidors\method\factory\modelo\Plasma.java,mx.com.sidors.method.factory.modelo.Plasma,"Plasma/3[java.lang.String,java.lang.String,java.lang.String]",true,5,0,1,1,0,1,3,5,0,0,3,3,0,0,0,0,0,0,0,0,0,0,0,0,0,0,5,1,0,false
C:\patrones-master\17_Memento\src\main\java\com\sidlors\patterns\memento\Memento.java,com.sidlors.patterns.memento.Memento,Memento/0,true,7,1,1,1,0,1,0,3,0,0,0,0,0,0,0,0,0,0,0,0,1,0,0,0,0,0,2,1,0,false
C:\patrones-master\17_Memento\src\main\java\com\sidlors\patterns\memento\Memento.java,com.sidlors.patterns.memento.Memento,getBackup/1[int],false,19,1,1,1,0,1,1,3,1,0,1,1,0,0,0,0,0,0,0,0,0,0,0,0,0,0,3,1,0,false
C:\patrones-master\17_Memento\src\main\java\com\sidlors\patterns\memento\Memento.java,com.sidlors.patterns.memento.Memento,getSize/0,false,23,0,1,1,0,1,1,3,1,0,0,1,0,0,0,0,0,0,0,0,0,0,0,0,0,0,2,1,0,false
C:\patrones-master\17_Memento\src\main\java\com\sidlors\patterns\memento\Memento.java,com.sidlors.patterns.memento.Memento,setBackup/1[java.util.ArrayList<com.sidlors.patterns.memento.Registro>],false,11,1,1,1,0,2,2,7,0,1,1,2,0,0,1,0,0,0,0,0,1,0,1,0,0,0,6,1,0,false
C:\patrones-master\11_Comando\src\main\java\com\sidlors\patterns\comando\Command.java,com.sidlors.patterns.comando.Command,execute/0,false,5,0,2,2,0,1,0,1,0,0,0,0,0,0,0,0,0,0,0,0,0,0,0,0,0,0,1,1,0,false
C:\patrones-master\01_Polimorfismo\src\main\java\com\sidlors\patterns\polimorfismo\PruebaFormas.java,com.sidlors.patterns.polimorfismo.PruebaFormas,main/1[java.lang.String[]],false,7,2,3,0,3,1,2,5,0,1,1,2,0,0,0,0,0,0,0,0,1,0,0,0,0,0,5,9,0,false
C:\patrones-master\00_Compuesto\src\main\java\com\sidlors\patterns\composition\Tarea.java,com.sidlors.patterns.composition.Tarea,"Tarea/3[java.lang.String,com.sidlors.patterns.composition.Responsable,int]",true,11,1,5,5,0,1,0,5,0,0,3,0,0,0,0,0,0,0,0,0,3,0,0,0,0,0,4,1,0,false
C:\patrones-master\00_Compuesto\src\main\java\com\sidlors\patterns\composition\Tarea.java,com.sidlors.patterns.composition.Tarea,agregarItemTarea/1[com.sidlors.patterns.composition.ItemProyecto],false,17,1,2,2,0,2,2,5,0,0,1,2,0,0,0,0,0,0,0,0,0,0,1,0,0,0,5,1,0,false
C:\patrones-master\00_Compuesto\src\main\java\com\sidlors\patterns\composition\Tarea.java,com.sidlors.patterns.composition.Tarea,getTiempo/0,false,24,1,2,1,1,2,1,7,1,1,0,1,0,0,1,0,0,0,0,0,2,0,1,0,0,0,10,1,0,false
C:\patrones-master\00_Compuesto\src\main\java\com\sidlors\patterns\composition\Tarea.java,com.sidlors.patterns.composition.Tarea,imprimir/0,false,33,2,2,0,2,2,4,7,0,0,0,4,1,1,1,0,0,0,3,0,0,1,1,0,0,0,8,1,0,false
C:\patrones-master\14_Cadena\src\main\java\com\sidlors\patterns\chain\Aplicacion.java,com.sidlors.patterns.chain.Aplicacion,Aplicacion/0,true,5,0,1,1,0,1,0,2,0,0,0,0,0,0,0,0,0,0,0,0,0,0,0,0,0,0,1,1,0,false
C:\patrones-master\14_Cadena\src\main\java\com\sidlors\patterns\chain\Aplicacion.java,com.sidlors.patterns.chain.Aplicacion,getAyuda/1[int],false,8,0,0,0,0,1,1,3,0,0,1,1,0,0,0,0,0,0,1,0,0,0,0,0,0,0,9,1,0,false
C:\patrones-master\00_Compuesto\src\main\java\com\sidlors\patterns\composition\Proyecto.java,com.sidlors.patterns.composition.Proyecto,imprimir/0,false,35,2,4,1,3,2,5,7,0,0,0,5,2,1,1,0,0,0,2,0,0,1,1,0,0,0,8,1,0,false
C:\patrones-master\00_Compuesto\src\main\java\com\sidlors\patterns\composition\Proyecto.java,com.sidlors.patterns.composition.Proyecto,getTiempo/0,false,26,1,2,1,1,2,1,7,1,1,0,1,0,0,1,0,0,0,0,1,2,0,1,0,0,0,8,1,0,false
C:\patrones-master\00_Compuesto\src\main\java\com\sidlors\patterns\composition\Proyecto.java,com.sidlors.patterns.composition.Proyecto,"Proyecto/2[java.lang.String,com.sidlors.patterns.composition.Responsable]",true,10,1,6,6,0,1,0,4,0,0,2,0,0,0,0,0,0,0,0,0,2,0,0,0,0,0,3,1,0,false
C:\patrones-master\00_Compuesto\src\main\java\com\sidlors\patterns\composition\Proyecto.java,com.sidlors.patterns.composition.Proyecto,agregarItemProyecto/1[com.sidlors.patterns.composition.ItemProyecto],false,19,1,5,5,0,2,2,5,0,0,1,2,0,0,0,0,0,0,0,0,0,0,1,0,0,0,4,1,0,false
C:\patrones-master\00_Compuesto\src\main\java\com\sidlors\patterns\composition\Proyecto.java,com.sidlors.patterns.composition.Proyecto,getNombre/0,false,15,0,1,1,0,1,0,3,1,0,0,0,0,0,0,0,0,0,0,0,0,0,0,0,0,0,2,1,0,false
C:\patrones-master\05.1_FactoryMethod\src\main\java\mx\com\sidors\method\factory\app\App.java,mx.com.sidors.method.factory.app.App,main/1[java.lang.String[]],false,12,3,3,0,3,1,3,5,0,2,1,3,0,0,0,0,0,0,3,0,2,0,0,0,0,0,8,9,0,false
C:\patrones-master\16_Estrategia\src\main\java\mx\com\sidlors\patrones\strategy\estrategias\EnAireVeloz.java,mx.com.sidlors.patrones.strategy.estrategias.EnAireVeloz,moverse/0,false,6,0,0,0,0,1,1,3,0,0,0,1,0,0,0,0,0,0,1,0,0,0,0,0,0,0,3,1,0,false
C:\patrones-master\01_Polimorfismo\src\test\java\com\sidlors\patterns\polimorfismo\test\Polimorfismo.java,com.sidlors.patterns.polimorfismo.test.Polimorfismo,setUp/0,false,15,2,1,0,1,1,0,3,0,0,0,0,0,0,0,0,0,0,0,0,1,0,0,0,0,0,5,9,0,false
C:\patrones-master\01_Polimorfismo\src\test\java\com\sidlors\patterns\polimorfismo\test\Polimorfismo.java,com.sidlors.patterns.polimorfismo.test.Polimorfismo,testname/0,false,20,2,1,0,1,1,1,3,0,0,0,1,0,0,0,0,0,1,0,0,0,0,0,0,0,0,5,1,0,false
C:\patrones-master\10_Puente\src\main\java\com\sidlors\patterns\bridge\ListaEnumerada.java,com.sidlors.patterns.bridge.ListaEnumerada,obtenerItem/1[int],false,5,0,1,1,0,1,1,3,1,0,1,1,0,0,0,0,0,1,1,1,0,2,0,0,0,0,3,1,0,false
C:\patrones-master\01_Polimorfismo\src\main\java\com\sidlors\patterns\polimorfismo\abstracta\HeredaAbstracta.java,com.sidlors.patterns.polimorfismo.abstracta.HeredaAbstracta,darNombre/1[java.lang.String],false,23,0,1,1,0,1,0,3,0,0,1,0,0,0,0,0,0,0,0,0,1,0,0,0,0,0,3,1,0,false
C:\patrones-master\01_Polimorfismo\src\main\java\com\sidlors\patterns\polimorfismo\abstracta\HeredaAbstracta.java,com.sidlors.patterns.polimorfismo.abstracta.HeredaAbstracta,despedirse/0,false,13,0,1,1,0,1,1,3,0,0,0,1,0,0,0,0,0,0,1,0,0,1,0,0,0,0,1,1,1,false
C:\patrones-master\01_Polimorfismo\src\main\java\com\sidlors\patterns\polimorfismo\abstracta\HeredaAbstracta.java,com.sidlors.patterns.polimorfismo.abstracta.HeredaAbstracta,HeredaAbstracta/0,true,17,2,4,1,3,1,3,5,0,0,0,3,2,1,0,0,0,0,1,0,0,0,0,0,0,0,6,1,0,false
C:\patrones-master\01_Polimorfismo\src\main\java\com\sidlors\patterns\polimorfismo\abstracta\HeredaAbstracta.java,com.sidlors.patterns.polimorfismo.abstracta.HeredaAbstracta,main/1[java.lang.String[]],false,27,1,1,0,1,1,0,3,0,1,1,0,0,0,0,0,0,0,0,0,1,0,0,0,0,0,5,9,0,false
C:\patrones-master\05.1_FactoryMethod\src\main\java\mx\com\sidors\method\factory\modelo\CRT.java,mx.com.sidors.method.factory.modelo.CRT,"CRT/3[java.lang.String,java.lang.String,java.lang.String]",true,5,0,1,1,0,1,3,5,0,0,3,3,0,0,0,0,0,0,0,0,0,0,0,0,0,0,7,1,0,false
C:\patrones-master\13_Observador\src\main\java\mx\com\sidlors\patrones\subject\Sujeto.java,mx.com.sidlors.patrones.subject.Sujeto,registrarObs/1[mx.com.sidlors.patrones.observer.IObservador],false,20,1,1,1,0,1,1,3,0,0,1,1,0,0,0,0,0,0,0,0,0,0,0,0,0,0,5,1,0,false
C:\patrones-master\13_Observador\src\main\java\mx\com\sidlors\patrones\subject\Sujeto.java,mx.com.sidlors.patrones.subject.Sujeto,retirarObs/1[mx.com.sidlors.patrones.observer.IObservador],false,28,1,1,1,0,1,1,3,0,0,1,1,0,0,0,0,0,0,0,0,0,0,0,0,0,0,5,1,0,false
C:\patrones-master\13_Observador\src\main\java\mx\com\sidlors\patrones\subject\Sujeto.java,mx.com.sidlors.patrones.subject.Sujeto,notificar/0,false,42,1,2,1,1,2,1,5,0,0,0,1,0,0,1,0,0,0,0,0,0,0,1,0,0,0,5,1,0,false
C:\patrones-master\13_Observador\src\main\java\mx\com\sidlors\patrones\subject\Sujeto.java,mx.com.sidlors.patrones.subject.Sujeto,Sujeto/0,true,12,1,1,1,0,1,0,3,0,0,0,0,0,0,0,0,0,0,0,0,1,0,0,0,0,0,2,1,0,false
C:\patrones-master\13_Observador\src\main\java\mx\com\sidlors\patrones\subject\Sujeto.java,mx.com.sidlors.patrones.subject.Sujeto,"ejecutarAccion/2[java.lang.String,java.lang.String]",false,32,1,2,1,1,1,1,5,0,0,2,1,1,1,0,0,0,0,0,0,2,0,0,0,0,0,5,1,0,false
C:\patrones-master\18_MetodoPlantilla\src\main\java\com\sidlors\patterns\template\CajeroAutomatico.java,com.sidlors.patterns.template.CajeroAutomatico,"CajeroAutomatico/3[java.lang.String,int,int]",true,4,1,2,1,1,1,1,3,0,0,3,1,0,0,0,0,0,0,0,0,0,0,0,0,0,0,4,1,0,false
C:\patrones-master\18_MetodoPlantilla\src\main\java\com\sidlors\patterns\template\CajeroAutomatico.java,com.sidlors.patterns.template.CajeroAutomatico,saludar/0,false,9,0,0,0,0,1,1,3,0,0,0,1,0,0,0,0,0,0,1,0,0,0,0,0,0,0,4,1,0,false
C:\patrones-master\14_Cadena\src\main\java\com\sidlors\patterns\chain\Middle.java,com.sidlors.patterns.chain.Middle,getAyuda/1[int],false,11,1,1,0,1,2,2,8,0,0,1,2,0,0,0,1,0,0,1,0,0,0,1,0,0,0,14,1,0,false
C:\patrones-master\14_Cadena\src\main\java\com\sidlors\patterns\chain\Middle.java,com.sidlors.patterns.chain.Middle,Middle/1[com.sidlors.patterns.chain.InterfaceAyuda],true,6,1,1,1,0,1,0,3,0,0,1,0,0,0,0,0,0,0,0,0,1,0,0,0,0,0,4,1,0,false
C:\patrones-master\18_MetodoPlantilla\src\main\java\com\sidlors\patterns\template\CuentaBancaria.java,com.sidlors.patterns.template.CuentaBancaria,saludar/0,false,32,0,1,1,0,1,0,1,0,0,0,0,0,0,0,0,0,0,0,0,0,0,0,0,0,0,1,1025,0,false
C:\patrones-master\18_MetodoPlantilla\src\main\java\com\sidlors\patterns\template\CuentaBancaria.java,com.sidlors.patterns.template.CuentaBancaria,consultarSaldo/0,false,24,0,1,1,0,1,1,3,0,0,0,1,0,0,0,0,0,0,1,0,0,1,0,0,0,0,3,2,0,false
C:\patrones-master\18_MetodoPlantilla\src\main\java\com\sidlors\patterns\template\CuentaBancaria.java,com.sidlors.patterns.template.CuentaBancaria,auditoria/0,false,28,0,1,1,0,1,1,3,0,0,0,1,0,0,0,0,0,0,1,0,0,1,0,0,0,0,4,4,0,false
C:\patrones-master\18_MetodoPlantilla\src\main\java\com\sidlors\patterns\template\CuentaBancaria.java,com.sidlors.patterns.template.CuentaBancaria,retirar/1[int],false,15,0,1,1,0,2,1,9,0,0,1,1,0,0,0,0,0,0,2,1,1,1,1,0,0,0,5,2,0,false
C:\patrones-master\18_MetodoPlantilla\src\main\java\com\sidlors\patterns\template\CuentaBancaria.java,com.sidlors.patterns.template.CuentaBancaria,consignar/1[int],false,10,0,1,1,0,1,1,4,0,0,1,1,0,0,0,0,0,0,1,0,1,0,0,0,0,0,2,2,0,false
C:\patrones-master\18_MetodoPlantilla\src\main\java\com\sidlors\patterns\template\CuentaBancaria.java,com.sidlors.patterns.template.CuentaBancaria,setCuenta/1[java.lang.String],false,6,0,1,1,0,1,0,3,0,0,1,0,0,0,0,0,0,0,0,0,1,0,0,0,0,0,3,2,0,false
C:\patrones-master\18_MetodoPlantilla\src\main\java\com\sidlors\patterns\template\CuentaBancaria.java,com.sidlors.patterns.template.CuentaBancaria,"procesar/3[java.lang.String,int,int]",false,34,1,9,3,6,3,7,16,0,0,3,7,6,1,0,0,0,0,1,2,0,0,1,0,0,0,13,1,0,false
C:\patrones-master\07.1_Proxy\src\main\java\mx\sidlors\pattern\proxy\ThirdPartyYoutubeLib.java,mx.sidlors.pattern.proxy.ThirdPartyYoutubeLib,popularVideos/0,false,7,1,2,2,0,1,0,1,0,0,0,0,0,0,0,0,0,0,0,0,0,0,0,0,0,0,2,1,0,false
C:\patrones-master\07.1_Proxy\src\main\java\mx\sidlors\pattern\proxy\ThirdPartyYoutubeLib.java,mx.sidlors.pattern.proxy.ThirdPartyYoutubeLib,getVideo/1[java.lang.String],false,8,1,2,2,0,1,0,1,0,0,1,0,0,0,0,0,0,0,0,0,0,0,0,0,0,0,4,1,0,false
C:\patrones-master\01_Polimorfismo\src\main\java\com\sidlors\patterns\polimorfismo\ClaseAbstracta.java,com.sidlors.patterns.polimorfismo.ClaseAbstracta,despedirse/0,false,9,0,0,0,0,1,0,1,0,0,0,0,0,0,0,0,0,0,0,0,0,0,0,0,0,0,1,1025,0,false
C:\patrones-master\01_Polimorfismo\src\main\java\com\sidlors\patterns\polimorfismo\ClaseAbstracta.java,com.sidlors.patterns.polimorfismo.ClaseAbstracta,saludar/0,false,5,0,1,1,0,1,1,3,0,0,0,1,0,0,0,0,0,0,1,0,0,1,0,0,0,0,2,1,0,false
C:\patrones-master\09_Fachada\src\main\java\com\sidlors\patterns\facade\Cpu.java,com.sidlors.patterns.facade.Cpu,revisaHardware/0,false,41,0,2,2,0,2,0,6,1,0,0,0,0,0,0,0,0,0,0,0,1,0,1,0,0,0,6,1,0,false
C:\patrones-master\09_Fachada\src\main\java\com\sidlors\patterns\facade\Cpu.java,com.sidlors.patterns.facade.Cpu,cargaSistemaOperativo/0,false,83,0,2,2,0,2,0,6,1,0,0,0,0,0,0,0,0,0,0,0,1,0,1,0,0,0,7,1,0,false
C:\patrones-master\09_Fachada\src\main\java\com\sidlors\patterns\facade\Cpu.java,com.sidlors.patterns.facade.Cpu,enviarVoltaje/1[int],false,12,0,2,2,0,3,0,6,1,0,1,0,0,0,0,0,0,0,0,2,1,0,1,0,0,0,5,1,0,false
C:\patrones-master\09_Fachada\src\main\java\com\sidlors\patterns\facade\Cpu.java,com.sidlors.patterns.facade.Cpu,reseteaContadores/0,false,26,0,2,2,0,2,0,7,1,0,0,0,0,0,0,0,0,0,0,1,2,0,1,0,0,0,7,1,0,false
C:\patrones-master\09_Fachada\src\main\java\com\sidlors\patterns\facade\Cpu.java,com.sidlors.patterns.facade.Cpu,buscaSectorArranque/0,false,69,0,2,2,0,2,0,6,1,0,0,0,0,0,0,0,0,0,0,0,1,0,1,0,0,0,7,1,0,false
C:\patrones-master\09_Fachada\src\main\java\com\sidlors\patterns\facade\Cpu.java,com.sidlors.patterns.facade.Cpu,revisaMemoria/0,false,56,0,2,2,0,2,0,5,0,0,0,0,0,0,0,1,0,0,0,3,1,0,1,0,0,0,4,1,0,false
C:\patrones-master\09_Fachada\src\main\java\com\sidlors\patterns\facade\Cpu.java,com.sidlors.patterns.facade.Cpu,cargaBoot/0,false,76,0,2,2,0,2,0,6,1,0,0,0,0,0,0,0,0,0,0,0,1,0,1,0,0,0,7,1,0,false
C:\patrones-master\09_Fachada\src\main\java\com\sidlors\patterns\facade\Cpu.java,com.sidlors.patterns.facade.Cpu,enviaEnergiaADispositivos/0,false,19,0,2,2,0,2,0,6,1,0,0,0,0,0,0,0,0,0,0,0,1,0,1,0,0,0,8,1,0,false
C:\patrones-master\09_Fachada\src\main\java\com\sidlors\patterns\facade\Cpu.java,com.sidlors.patterns.facade.Cpu,revisaEntradas/0,false,62,0,2,2,0,2,0,6,1,0,0,0,0,0,0,0,0,0,0,1,1,0,1,0,0,0,7,1,0,false
C:\patrones-master\09_Fachada\src\main\java\com\sidlors\patterns\facade\Cpu.java,com.sidlors.patterns.facade.Cpu,cpuLista/0,false,90,0,2,2,0,2,0,6,1,0,0,0,0,0,0,0,0,0,0,0,1,0,1,0,0,0,6,1,0,false
C:\patrones-master\09_Fachada\src\main\java\com\sidlors\patterns\facade\Cpu.java,com.sidlors.patterns.facade.Cpu,Cpu/0,true,10,0,2,2,0,1,0,2,0,0,0,0,0,0,0,0,0,0,0,0,0,0,0,0,0,0,1,1,0,false
C:\patrones-master\09_Fachada\src\main\java\com\sidlors\patterns\facade\Cpu.java,com.sidlors.patterns.facade.Cpu,revisaBIOS/0,false,34,0,2,2,0,4,0,6,1,0,0,0,0,0,0,0,0,0,0,0,1,0,1,0,0,0,12,1,0,false
C:\patrones-master\09_Fachada\src\main\java\com\sidlors\patterns\facade\Cpu.java,com.sidlors.patterns.facade.Cpu,asignaCanales/0,false,48,0,2,2,0,3,0,7,0,1,0,0,0,0,1,0,0,1,0,2,2,1,2,0,0,0,5,1,0,false
C:\patrones-master\00_Compuesto\src\main\java\com\sidlors\patterns\composition\Responsable.java,com.sidlors.patterns.composition.Responsable,"Responsable/2[java.lang.String,java.lang.String]",true,7,0,1,1,0,1,0,4,0,0,2,0,0,0,0,0,0,0,0,0,2,0,0,0,0,0,3,1,0,false
C:\patrones-master\00_Compuesto\src\main\java\com\sidlors\patterns\composition\Responsable.java,com.sidlors.patterns.composition.Responsable,getNombre/0,false,12,0,0,0,0,1,0,3,1,0,0,0,0,0,0,0,0,0,0,0,0,0,0,0,0,0,2,1,0,false
C:\patrones-master\00_Compuesto\src\main\java\com\sidlors\patterns\composition\Responsable.java,com.sidlors.patterns.composition.Responsable,getTelefono/0,false,16,0,0,0,0,1,0,3,1,0,0,0,0,0,0,0,0,0,0,0,0,0,0,0,0,0,2,1,0,false
C:\patrones-master\07_Proxy\src\main\java\com\sidlors\patterns\proxy\PruebaProxy.java,com.sidlors.patterns.proxy.PruebaProxy,PruebaProxy/0,true,9,1,5,1,4,1,3,6,0,0,0,3,0,0,0,0,0,0,0,0,1,0,0,0,0,0,4,1,0,false
C:\patrones-master\07_Proxy\src\main\java\com\sidlors\patterns\proxy\PruebaProxy.java,com.sidlors.patterns.proxy.PruebaProxy,main/1[java.lang.String[]],false,5,1,1,0,1,1,0,3,0,1,1,0,0,0,0,0,0,0,0,0,1,0,0,0,0,0,5,9,0,false
C:\patrones-master\05_AbstractFactory\src\com\sidlors\abstracfactory\MySqlConexion.java,com.sidlors.abstracfactory.MySqlConexion,MySqlConexion/0,true,5,0,1,1,0,1,0,2,0,0,0,0,0,0,0,0,0,0,0,0,0,0,0,0,0,0,3,1,0,false
C:\patrones-master\05_AbstractFactory\src\com\sidlors\abstracfactory\MySqlConexion.java,com.sidlors.abstracfactory.MySqlConexion,descripcion/0,false,10,0,0,0,0,1,0,3,1,0,0,0,0,0,0,0,0,0,1,0,0,0,0,0,0,0,2,1,0,false
C:\patrones-master\07_Proxy\src\main\java\com\sidlors\patterns\proxy\PersonaRemota.java,com.sidlors.patterns.proxy.PersonaRemota,saludar/0,false,47,0,1,1,0,1,1,3,0,0,0,1,0,0,0,0,0,0,1,0,0,0,0,0,0,0,1,1,0,false
C:\patrones-master\07_Proxy\src\main\java\com\sidlors\patterns\proxy\PersonaRemota.java,com.sidlors.patterns.proxy.PersonaRemota,PersonaRemota/0,true,15,0,1,1,0,2,5,12,0,0,0,5,0,0,0,0,1,0,1,1,4,1,1,0,0,0,15,1,0,false
C:\patrones-master\07_Proxy\src\main\java\com\sidlors\patterns\proxy\PersonaRemota.java,com.sidlors.patterns.proxy.PersonaRemota,run/0,false,28,1,3,0,3,6,8,20,0,2,0,8,3,1,1,1,1,1,4,0,2,1,3,0,0,0,15,1,0,false
C:\patrones-master\07_Proxy\src\main\java\com\sidlors\patterns\proxy\PersonaRemota.java,com.sidlors.patterns.proxy.PersonaRemota,decirEstado/0,false,51,0,1,1,0,1,1,3,0,0,0,1,0,0,0,0,0,0,1,0,0,0,0,0,0,0,2,1,0,false
C:\patrones-master\07_Proxy\src\main\java\com\sidlors\patterns\proxy\PersonaRemota.java,com.sidlors.patterns.proxy.PersonaRemota,main/1[java.lang.String[]],false,11,1,1,0,1,1,0,3,0,1,1,0,0,0,0,0,0,0,0,0,1,0,0,0,0,0,4,9,0,false
C:\patrones-master\07_Proxy\src\main\java\com\sidlors\patterns\proxy\PersonaRemota.java,com.sidlors.patterns.proxy.PersonaRemota,despedirse/0,false,55,0,1,1,0,1,1,3,0,0,0,1,0,0,0,0,0,0,1,0,0,0,0,0,0,0,1,1,0,false
C:\patrones-master\04.1_Builder\src\main\java\com\sidlors\builder2\Persona.java,com.sidlors.builder2.Persona,getNombre/0,false,11,0,2,2,0,1,0,3,1,0,0,0,0,0,0,0,0,0,0,0,0,0,0,0,0,0,2,1,0,false
C:\patrones-master\04.1_Builder\src\main\java\com\sidlors\builder2\Persona.java,com.sidlors.builder2.Persona,setGenero/1[java.lang.Character],false,39,0,2,2,0,1,0,3,0,0,1,0,0,0,0,0,0,0,0,0,1,0,0,0,0,0,4,1,0,false
C:\patrones-master\04.1_Builder\src\main\java\com\sidlors\builder2\Persona.java,com.sidlors.builder2.Persona,getGenero/0,false,35,0,1,1,0,1,0,3,1,0,0,0,0,0,0,0,0,0,0,0,0,0,0,0,0,0,3,1,0,false
C:\patrones-master\04.1_Builder\src\main\java\com\sidlors\builder2\Persona.java,com.sidlors.builder2.Persona,toString/0,false,52,0,1,1,0,1,0,3,1,0,0,0,0,0,0,0,0,0,6,0,0,1,0,0,0,0,7,1,0,false
C:\patrones-master\04.1_Builder\src\main\java\com\sidlors\builder2\Persona.java,com.sidlors.builder2.Persona,setApellido/1[java.lang.String],false,23,0,2,2,0,1,0,3,0,0,1,0,0,0,0,0,0,0,0,0,1,0,0,0,0,0,3,1,0,false
C:\patrones-master\04.1_Builder\src\main\java\com\sidlors\builder2\Persona.java,com.sidlors.builder2.Persona,getNacionalidad/0,false,43,0,1,1,0,1,0,3,1,0,0,0,0,0,0,0,0,0,0,0,0,0,0,0,0,0,2,1,0,false
C:\patrones-master\04.1_Builder\src\main\java\com\sidlors\builder2\Persona.java,com.sidlors.builder2.Persona,setNacionalidad/1[java.lang.String],false,47,0,2,2,0,1,0,3,0,0,1,0,0,0,0,0,0,0,0,0,1,0,0,0,0,0,3,1,0,false
C:\patrones-master\04.1_Builder\src\main\java\com\sidlors\builder2\Persona.java,com.sidlors.builder2.Persona,setNombre/1[java.lang.String],false,15,0,3,3,0,1,0,3,0,0,1,0,0,0,0,0,0,0,0,0,1,0,0,0,0,0,3,1,0,false
C:\patrones-master\04.1_Builder\src\main\java\com\sidlors\builder2\Persona.java,com.sidlors.builder2.Persona,setEdad/1[int],false,31,0,2,2,0,1,0,3,0,0,1,0,0,0,0,0,0,0,0,0,1,0,0,0,0,0,3,1,0,false
C:\patrones-master\04.1_Builder\src\main\java\com\sidlors\builder2\Persona.java,com.sidlors.builder2.Persona,getApellido/0,false,19,0,1,1,0,1,0,3,1,0,0,0,0,0,0,0,0,0,0,0,0,0,0,0,0,0,2,1,0,false
C:\patrones-master\04.1_Builder\src\main\java\com\sidlors\builder2\Persona.java,com.sidlors.builder2.Persona,getEdad/0,false,27,0,1,1,0,1,0,3,1,0,0,0,0,0,0,0,0,0,0,0,0,0,0,0,0,0,2,1,0,false
C:\patrones-master\13_Observador\src\main\java\mx\com\sidlors\patrones\observer\Informador.java,mx.com.sidlors.patrones.observer.Informador,"actualizar/2[java.lang.String,java.lang.String]",false,5,0,0,0,0,1,1,3,0,0,2,1,0,0,0,0,0,0,2,0,0,1,0,0,0,0,4,1,0,false
C:\patrones-master\02_Singleton\src\com\sidlors\singleton\Juego.java,com.sidlors.singleton.Juego,main/1[java.lang.String[]],false,5,3,6,0,6,3,6,19,0,6,1,6,0,0,2,1,0,0,1,2,6,0,2,0,0,0,13,9,0,false
C:\patrones-master\12_Decorador\src\test\java\mx\com\sidlors\patrones\decorator\app\test\PruebaDecorador.java,mx.com.sidlors.patrones.decorator.app.test.PruebaDecorador,decoradorTest/0,false,14,5,5,0,5,6,5,36,0,3,0,5,0,0,1,1,0,0,8,6,7,0,2,0,0,0,16,1,0,false
C:\patrones-master\05_AbstractFactory\src\com\sidlors\abstracfactory\FabricaHeredada.java,com.sidlors.abstracfactory.FabricaHeredada,creaConexion/1[java.lang.String],false,7,5,5,1,4,4,1,14,4,0,1,1,0,0,0,0,0,0,3,0,0,0,1,0,0,0,8,4,0,false
C:\patrones-master\01_Polimorfismo\src\main\java\com\sidlors\patterns\polimorfismo\Polimorfismo.java,com.sidlors.patterns.polimorfismo.Polimorfismo,main/1[java.lang.String[]],false,6,2,2,0,2,1,1,5,0,1,1,1,0,0,0,0,0,0,0,0,2,0,0,0,0,0,6,9,0,false
C:\patrones-master\02_Singleton\src\com\sidlors\singleton\Marciano.java,com.sidlors.singleton.Marciano,derribaMarcianos/0,false,15,0,1,1,0,2,1,6,0,0,0,1,0,0,0,0,0,0,1,1,0,0,1,0,0,0,6,9,0,false
C:\patrones-master\02_Singleton\src\com\sidlors\singleton\Marciano.java,com.sidlors.singleton.Marciano,cuantosQuedan/0,false,28,0,1,1,0,2,1,8,0,0,0,1,0,0,0,0,0,0,3,1,0,1,1,0,0,0,7,9,0,false
C:\patrones-master\02_Singleton\src\com\sidlors\singleton\Marciano.java,com.sidlors.singleton.Marciano,Marciano/0,true,6,0,0,0,0,1,0,3,0,0,0,0,0,0,0,0,0,0,0,1,1,0,0,0,0,0,2,2,0,false
C:\patrones-master\02_Singleton\src\com\sidlors\singleton\Marciano.java,com.sidlors.singleton.Marciano,getMarciano/0,false,11,1,2,2,0,1,0,3,1,0,0,0,0,0,0,0,0,0,0,0,0,0,0,0,0,0,3,9,0,false
C:\patrones-master\02_Singleton\src\com\sidlors\singleton\Marciano.java,com.sidlors.singleton.Marciano,creaMarcianos/0,false,21,0,2,2,0,2,1,6,0,0,0,1,0,0,0,0,0,0,1,1,0,0,1,0,0,0,6,9,0,false
C:\patrones-master\03_Factory\src\main\java\com\sidlors\factory\Fabrica.java,com.sidlors.factory.Fabrica,creaConexion/0,false,17,4,4,1,3,3,1,11,3,0,0,1,0,0,0,0,0,0,2,0,0,0,1,0,0,0,6,1,0,false
C:\patrones-master\03_Factory\src\main\java\com\sidlors\factory\Fabrica.java,com.sidlors.factory.Fabrica,Fabrica/1[java.lang.String],true,12,0,1,1,0,1,0,3,0,0,1,0,0,0,0,0,0,0,0,0,1,0,0,0,0,0,3,1,0,false
C:\patrones-master\09_Fachada\src\main\java\com\sidlors\patterns\facade\ClienteSinFachada.java,com.sidlors.patterns.facade.ClienteSinFachada,trabajar/0,false,27,0,1,1,0,1,1,3,0,0,0,1,0,0,0,0,0,0,1,0,0,0,0,0,0,0,6,1,0,false
C:\patrones-master\09_Fachada\src\main\java\com\sidlors\patterns\facade\ClienteSinFachada.java,com.sidlors.patterns.facade.ClienteSinFachada,main/1[java.lang.String[]],false,31,1,3,0,3,1,2,5,0,1,1,2,2,1,0,0,0,0,0,0,1,0,0,0,0,0,5,9,0,false
C:\patrones-master\09_Fachada\src\main\java\com\sidlors\patterns\facade\ClienteSinFachada.java,com.sidlors.patterns.facade.ClienteSinFachada,ClienteSinFachada/0,true,5,1,2,1,1,1,0,3,0,0,0,0,0,0,0,0,0,0,0,0,1,0,0,0,0,0,8,1,0,false
C:\patrones-master\09_Fachada\src\main\java\com\sidlors\patterns\facade\ClienteSinFachada.java,com.sidlors.patterns.facade.ClienteSinFachada,encenderCPU/0,false,9,1,13,1,12,2,13,17,0,0,0,13,0,0,0,0,0,0,2,1,0,0,1,0,0,0,16,1,0,false
C:\patrones-master\17_Memento\src\main\java\com\sidlors\patterns\memento\PruebaMemento.java,com.sidlors.patterns.memento.PruebaMemento,main/1[java.lang.String[]],false,5,2,9,0,9,5,10,34,0,3,1,10,2,1,1,1,0,0,8,12,4,1,2,0,0,0,17,9,0,false
C:\patrones-master\17_Memento\src\main\java\com\sidlors\patterns\memento\PruebaMemento.java,com.sidlors.patterns.memento.PruebaMemento,muestraBackup/1[int],false,51,0,1,1,0,1,2,4,0,0,1,2,0,0,0,0,0,0,2,0,0,0,0,0,0,0,7,9,0,false
C:\patrones-master\17_Memento\src\main\java\com\sidlors\patterns\memento\PruebaMemento.java,com.sidlors.patterns.memento.PruebaMemento,mostrarMenu/0,false,44,0,1,1,0,1,1,6,0,0,0,1,0,0,0,0,0,0,4,0,0,0,0,0,0,0,17,9,0,false
C:\patrones-master\03_Factory\src\main\java\com\sidlors\objects\MySqlConexion.java,com.sidlors.objects.MySqlConexion,MySqlConexion/0,true,5,0,1,1,0,1,0,2,0,0,0,0,0,0,0,0,0,0,0,0,0,0,0,0,0,0,3,1,0,false
C:\patrones-master\03_Factory\src\main\java\com\sidlors\objects\MySqlConexion.java,com.sidlors.objects.MySqlConexion,descripcion/0,false,10,0,0,0,0,1,0,3,1,0,0,0,0,0,0,0,0,0,1,0,0,0,0,0,0,0,2,1,0,false
C:\patrones-master\00_Compuesto\src\main\java\com\sidlors\patterns\composition\Entregable.java,com.sidlors.patterns.composition.Entregable,Entregable/1[java.lang.String],true,6,0,5,5,0,1,0,3,0,0,1,0,0,0,0,0,0,0,0,0,1,0,0,0,0,0,2,1,0,false
C:\patrones-master\00_Compuesto\src\main\java\com\sidlors\patterns\composition\Entregable.java,com.sidlors.patterns.composition.Entregable,getTiempo/0,false,11,0,0,0,0,1,0,3,1,0,0,0,0,0,0,0,0,0,0,1,0,0,0,0,0,0,2,1,0,false
C:\patrones-master\00_Compuesto\src\main\java\com\sidlors\patterns\composition\Entregable.java,com.sidlors.patterns.composition.Entregable,imprimir/0,false,16,0,0,0,0,1,1,3,0,0,0,1,0,0,0,0,0,0,1,0,0,1,0,0,0,0,1,1,0,false
C:\patrones-master\07.1_Proxy\src\main\java\mx\sidlors\pattern\proxy\App.java,mx.sidlors.pattern.proxy.App,test/1[mx.sidlors.pattern.proxy.YoutubeDownloader],false,16,1,3,1,2,1,4,12,1,2,1,4,0,0,0,0,0,0,6,0,2,2,0,0,0,0,7,10,0,false
C:\patrones-master\07.1_Proxy\src\main\java\mx\sidlors\pattern\proxy\App.java,mx.sidlors.pattern.proxy.App,main/1[java.lang.String[]],false,6,4,4,0,4,1,2,7,0,4,1,2,1,1,0,0,0,1,2,0,4,2,0,0,0,0,15,9,0,false
C:\patrones-master\03_Factory\src\main\java\com\sidlors\objects\SqlServerConexion.java,com.sidlors.objects.SqlServerConexion,descripcion/0,false,10,0,0,0,0,1,0,3,1,0,0,0,0,0,0,0,0,0,1,0,0,0,0,0,0,0,2,1,0,false
C:\patrones-master\03_Factory\src\main\java\com\sidlors\objects\SqlServerConexion.java,com.sidlors.objects.SqlServerConexion,SqlServerConexion/0,true,5,0,1,1,0,1,0,2,0,0,0,0,0,0,0,0,0,0,0,0,0,0,0,0,0,0,3,1,0,false
C:\patrones-master\04_Builder\src\test\java\com\sidlors\builder\app\test\NutritionFactsTest.java,com.sidlors.builder.app.test.NutritionFactsTest,test/0,false,12,3,8,0,8,1,8,6,0,1,0,8,0,0,0,0,0,0,0,8,1,0,0,0,0,0,7,1,0,false
C:\patrones-master\10_Puente\src\main\java\com\sidlors\patterns\bridge\I_ImplLista.java,com.sidlors.patterns.bridge.I_ImplLista,getItem/1[int],false,7,0,1,1,0,1,0,1,0,0,1,0,0,0,0,0,0,0,0,0,0,0,0,0,0,0,3,1,0,false
C:\patrones-master\10_Puente\src\main\java\com\sidlors\patterns\bridge\I_ImplLista.java,com.sidlors.patterns.bridge.I_ImplLista,soportaRepetidos/0,false,8,0,0,0,0,1,0,1,0,0,0,0,0,0,0,0,0,0,0,0,0,0,0,0,0,0,2,1,0,false
C:\patrones-master\10_Puente\src\main\java\com\sidlors\patterns\bridge\I_ImplLista.java,com.sidlors.patterns.bridge.I_ImplLista,remItem/1[java.lang.String],false,5,0,1,1,0,1,0,1,0,0,1,0,0,0,0,0,0,0,0,0,0,0,0,0,0,0,3,1,0,false
C:\patrones-master\10_Puente\src\main\java\com\sidlors\patterns\bridge\I_ImplLista.java,com.sidlors.patterns.bridge.I_ImplLista,addItem/1[java.lang.String],false,4,0,1,1,0,1,0,1,0,0,1,0,0,0,0,0,0,0,0,0,0,0,0,0,0,0,3,1,0,false
C:\patrones-master\10_Puente\src\main\java\com\sidlors\patterns\bridge\I_ImplLista.java,com.sidlors.patterns.bridge.I_ImplLista,getCantidadDeItems/0,false,6,0,1,1,0,1,0,1,0,0,0,0,0,0,0,0,0,0,0,0,0,0,0,0,0,0,4,1,0,false
C:\patrones-master\16_Estrategia\src\main\java\mx\com\sidlors\patrones\strategy\contexto\Avion.java,mx.com.sidlors.patrones.strategy.contexto.Avion,setAlgoritmo/1[mx.com.sidlors.patrones.strategy.estrategias.Algoritmo],false,8,1,1,1,0,1,0,3,0,0,1,0,0,0,0,0,0,0,0,0,1,0,0,0,0,0,3,1,0,false
C:\patrones-master\16_Estrategia\src\main\java\mx\com\sidlors\patrones\strategy\contexto\Avion.java,mx.com.sidlors.patrones.strategy.contexto.Avion,mover/0,false,12,1,2,1,1,1,1,3,0,0,0,1,0,0,0,0,0,0,0,0,0,0,0,0,0,0,1,1,0,false
C:\patrones-master\16_Estrategia\src\test\java\mx\com\sidlors\patrones\strategy\app\test\PruebaEstrategia.java,mx.com.sidlors.patrones.strategy.app.test.PruebaEstrategia,setUp/0,false,20,3,2,0,2,1,0,4,0,0,0,0,0,0,0,0,0,0,0,0,2,0,0,0,0,0,8,1,0,false
C:\patrones-master\16_Estrategia\src\test\java\mx\com\sidlors\patrones\strategy\app\test\PruebaEstrategia.java,mx.com.sidlors.patrones.strategy.app.test.PruebaEstrategia,strategyTest/0,false,26,6,6,0,6,1,4,22,0,0,0,4,0,0,0,0,0,0,3,0,5,0,0,0,0,0,12,1,0,false
C:\patrones-master\05.1_FactoryMethod\src\main\java\mx\com\sidors\method\factory\TVFactoryMethod.java,mx.com.sidors.method.factory.TVFactoryMethod,"obtenerTV/3[java.lang.String,java.lang.String,java.lang.String]",false,10,1,2,2,0,1,0,1,0,0,3,0,0,0,0,0,0,0,0,0,0,0,0,0,0,0,11,1,0,true
C:\patrones-master\02_Singleton\src\com\sidlors\singleton\Jugador.java,com.sidlors.singleton.Jugador,destruirMarciano/0,false,7,1,2,1,1,1,1,3,0,0,0,1,0,0,0,0,0,0,0,0,0,0,0,0,0,0,2,1,0,false
C:\patrones-master\02_Singleton\src\com\sidlors\singleton\Jugador.java,com.sidlors.singleton.Jugador,Jugador/0,true,4,1,2,1,1,1,1,3,0,0,0,1,0,0,0,0,0,0,0,0,1,0,0,0,0,0,2,1,0,false
C:\patrones-master\09_Fachada\src\main\java\com\sidlors\patterns\facade\ClienteConFachada.java,com.sidlors.patterns.facade.ClienteConFachada,main/1[java.lang.String[]],false,14,1,2,0,2,1,1,4,0,1,1,1,1,1,0,0,0,0,0,0,1,0,0,0,0,0,5,9,0,false
C:\patrones-master\09_Fachada\src\main\java\com\sidlors\patterns\facade\ClienteConFachada.java,com.sidlors.patterns.facade.ClienteConFachada,ClienteConFachada/0,true,5,1,2,1,1,1,0,3,0,0,0,0,0,0,0,0,0,0,0,0,1,0,0,0,0,0,4,1,0,false
C:\patrones-master\09_Fachada\src\main\java\com\sidlors\patterns\facade\ClienteConFachada.java,com.sidlors.patterns.facade.ClienteConFachada,encenderCPU/0,false,9,1,2,1,1,1,2,4,0,0,0,2,0,0,0,0,0,0,1,0,0,0,0,0,0,0,5,1,0,false
C:\patrones-master\18_MetodoPlantilla\src\main\java\com\sidlors\patterns\template\Cajero.java,com.sidlors.patterns.template.Cajero,auditoria/0,false,8,0,0,0,0,1,2,4,0,0,0,2,0,0,0,0,0,0,1,0,0,0,0,0,0,0,3,1,0,false
C:\patrones-master\18_MetodoPlantilla\src\main\java\com\sidlors\patterns\template\Cajero.java,com.sidlors.patterns.template.Cajero,saludar/0,false,14,0,0,0,0,1,1,3,0,0,0,1,0,0,0,0,0,0,1,0,0,0,0,0,0,0,7,1,0,false
C:\patrones-master\18_MetodoPlantilla\src\main\java\com\sidlors\patterns\template\Cajero.java,com.sidlors.patterns.template.Cajero,"Cajero/3[java.lang.String,int,int]",true,3,1,2,1,1,1,1,3,0,0,3,1,0,0,0,0,0,0,0,0,0,0,0,0,0,0,3,1,0,false
C:\patrones-master\03_Factory\src\test\java\com\sidlors\factory\app\test\Contabilidad.java,com.sidlors.factory.app.test.Contabilidad,main/1[java.lang.String[]],false,10,2,3,0,3,1,5,11,0,5,1,5,0,0,0,0,0,0,2,0,5,1,0,0,0,0,12,9,0,false
C:\patrones-master\05_AbstractFactory\src\com\sidlors\abstracfactory\Pagos.java,com.sidlors.abstracfactory.Pagos,main/1[java.lang.String[]],false,7,2,3,0,3,1,5,11,0,5,1,5,0,0,0,0,0,0,2,0,5,1,0,0,0,0,11,9,0,false
C:\patrones-master\05_AbstractFactory\src\com\sidlors\abstracfactory\FabricaAbstracta.java,com.sidlors.abstracfactory.FabricaAbstracta,FabricaAbstracta/0,true,6,0,0,0,0,1,0,2,0,0,0,0,0,0,0,0,0,0,0,0,0,0,0,0,0,0,2,1,0,false
C:\patrones-master\05_AbstractFactory\src\com\sidlors\abstracfactory\FabricaAbstracta.java,com.sidlors.abstracfactory.FabricaAbstracta,creaConexion/1[java.lang.String],false,10,1,0,0,0,1,0,1,0,0,1,0,0,0,0,0,0,0,0,0,0,0,0,0,0,0,3,1028,0,false
C:\patrones-master\10_Puente\src\main\java\com\sidlors\patterns\bridge\ImpListaUnicos.java,com.sidlors.patterns.bridge.ImpListaUnicos,getCantidadDeItems/0,false,23,0,0,0,0,1,1,3,1,0,0,1,0,0,0,0,0,0,0,0,0,0,0,0,0,0,4,1,0,false
C:\patrones-master\10_Puente\src\main\java\com\sidlors\patterns\bridge\ImpListaUnicos.java,com.sidlors.patterns.bridge.ImpListaUnicos,remItem/1[java.lang.String],false,16,0,0,0,0,2,3,5,0,0,1,3,0,0,0,0,0,0,0,0,0,0,1,0,0,0,3,1,0,false
C:\patrones-master\10_Puente\src\main\java\com\sidlors\patterns\bridge\ImpListaUnicos.java,com.sidlors.patterns.bridge.ImpListaUnicos,getItem/1[int],false,28,0,0,0,0,2,2,6,2,0,1,2,0,0,0,0,0,0,0,0,0,0,1,0,0,0,4,1,0,false
C:\patrones-master\10_Puente\src\main\java\com\sidlors\patterns\bridge\ImpListaUnicos.java,com.sidlors.patterns.bridge.ImpListaUnicos,soportaRepetidos/0,false,36,0,0,0,0,1,0,3,1,0,0,0,0,0,0,0,0,0,0,0,0,0,0,0,0,0,3,1,0,false
C:\patrones-master\10_Puente\src\main\java\com\sidlors\patterns\bridge\ImpListaUnicos.java,com.sidlors.patterns.bridge.ImpListaUnicos,addItem/1[java.lang.String],false,9,0,0,0,0,2,2,5,0,0,1,2,0,0,0,0,0,0,0,0,0,0,1,0,0,0,3,1,0,false
C:\patrones-master\15_Estado\src\main\java\com\sidlors\patterns\state\Estado.java,com.sidlors.patterns.state.Estado,ejecutarAccion/0,false,3,0,1,1,0,1,0,1,0,0,0,0,0,0,0,0,0,0,0,0,0,0,0,0,0,0,2,1,0,false
C:\patrones-master\04.1_Builder\src\test\java\com\sidlors\builder2\test\PersonaBuilderTest.java,com.sidlors.builder2.test.PersonaBuilderTest,nacionalidadTest/0,false,43,2,2,0,2,1,3,4,0,0,0,3,0,0,0,0,0,0,1,0,0,0,0,0,0,0,4,1,0,false
C:\patrones-master\04.1_Builder\src\test\java\com\sidlors\builder2\test\PersonaBuilderTest.java,com.sidlors.builder2.test.PersonaBuilderTest,edadTest/0,false,49,2,2,0,2,1,3,4,0,0,0,3,0,0,0,0,0,0,0,1,0,0,0,0,0,0,4,1,0,false
C:\patrones-master\04.1_Builder\src\test\java\com\sidlors\builder2\test\PersonaBuilderTest.java,com.sidlors.builder2.test.PersonaBuilderTest,init/0,false,19,3,8,0,8,1,6,4,0,0,0,6,0,0,0,0,0,0,3,1,2,0,0,0,0,0,6,9,0,false
C:\patrones-master\04.1_Builder\src\test\java\com\sidlors\builder2\test\PersonaBuilderTest.java,com.sidlors.builder2.test.PersonaBuilderTest,apellidoTest/0,false,37,2,2,0,2,1,3,4,0,0,0,3,0,0,0,0,0,0,1,0,0,0,0,0,0,0,4,1,0,false
C:\patrones-master\04.1_Builder\src\test\java\com\sidlors\builder2\test\PersonaBuilderTest.java,com.sidlors.builder2.test.PersonaBuilderTest,generoTest/0,false,55,2,2,0,2,1,3,4,0,0,0,3,0,0,0,0,0,0,0,0,0,0,0,0,0,0,4,1,0,false
C:\patrones-master\04.1_Builder\src\test\java\com\sidlors\builder2\test\PersonaBuilderTest.java,com.sidlors.builder2.test.PersonaBuilderTest,valoresTest/0,false,68,2,1,0,1,1,2,3,0,0,0,2,0,0,0,0,0,0,0,0,0,0,0,0,0,0,4,9,0,false
C:\patrones-master\04.1_Builder\src\test\java\com\sidlors\builder2\test\PersonaBuilderTest.java,com.sidlors.builder2.test.PersonaBuilderTest,nombreTest/0,false,31,2,2,0,2,1,3,4,0,0,0,3,0,0,0,0,0,0,1,0,0,0,0,0,0,0,4,1,0,false
C:\patrones-master\04.1_Builder\src\test\java\com\sidlors\builder2\test\PersonaBuilderTest.java,com.sidlors.builder2.test.PersonaBuilderTest,failTest/0,false,61,2,3,0,3,1,3,5,0,1,0,3,0,0,0,0,0,0,1,0,1,0,0,0,0,0,7,1,0,false
C:\patrones-master\13_Observador\src\test\java\mx\com\sidlors\patrones\observer\app\test\observer\Prueba.java,mx.com.sidlors.patrones.observer.app.test.observer.Prueba,retiraObservador/1[int],false,104,1,2,1,1,5,2,18,0,1,1,2,0,0,0,0,0,0,2,3,2,0,1,0,0,0,10,2,0,false
C:\patrones-master\13_Observador\src\test\java\mx\com\sidlors\patrones\observer\app\test\observer\Prueba.java,mx.com.sidlors.patrones.observer.app.test.observer.Prueba,escribeSeleccion/0,false,75,0,1,1,0,1,1,8,0,0,0,1,0,0,0,0,0,0,6,0,0,0,0,0,0,0,9,2,0,false
C:\patrones-master\13_Observador\src\test\java\mx\com\sidlors\patrones\observer\app\test\observer\Prueba.java,mx.com.sidlors.patrones.observer.app.test.observer.Prueba,ejecutaPrueba/0,false,28,3,5,0,5,6,10,34,0,5,0,10,4,1,1,1,0,0,6,6,7,0,2,0,0,0,18,1,0,false
C:\patrones-master\13_Observador\src\test\java\mx\com\sidlors\patrones\observer\app\test\observer\Prueba.java,mx.com.sidlors.patrones.observer.app.test.observer.Prueba,testObserver/0,false,20,5,4,0,4,1,0,6,0,0,0,0,0,0,0,0,0,0,0,0,4,0,0,0,0,0,10,1,0,false
C:\patrones-master\13_Observador\src\test\java\mx\com\sidlors\patrones\observer\app\test\observer\Prueba.java,mx.com.sidlors.patrones.observer.app.test.observer.Prueba,agregaObservador/1[int],false,84,1,2,1,1,5,2,18,0,1,1,2,0,0,0,0,0,0,2,3,2,0,1,0,0,0,10,2,0,false
C:\patrones-master\13_Observador\src\test\java\mx\com\sidlors\patrones\observer\app\test\observer\Prueba.java,mx.com.sidlors.patrones.observer.app.test.observer.Prueba,escribeMenu/0,false,65,0,1,1,0,1,1,9,0,0,0,1,0,0,0,0,0,0,7,0,0,0,0,0,0,0,8,2,0,false
C:\patrones-master\05.1_FactoryMethod\src\main\java\mx\com\sidors\method\factory\TVFactory.java,mx.com.sidors.method.factory.TVFactory,"obtenerTV/3[java.lang.String,java.lang.String,java.lang.String]",false,13,4,3,0,3,4,0,12,4,0,3,0,0,0,0,3,0,0,3,0,0,0,1,0,0,0,12,1,0,false
C:\patrones-master\16_Estrategia\src\main\java\mx\com\sidlors\patrones\strategy\estrategias\EnTierra.java,mx.com.sidlors.patrones.strategy.estrategias.EnTierra,moverse/0,false,6,0,0,0,0,1,1,3,0,0,0,1,0,0,0,0,0,0,1,0,0,0,0,0,0,0,2,1,0,false
C:\patrones-master\07.1_Proxy\src\main\java\mx\sidlors\pattern\proxy\YoutubeCacheProxy.java,mx.sidlors.pattern.proxy.YoutubeCacheProxy,getVideo/1[java.lang.String],false,28,2,1,0,1,2,4,11,1,1,1,4,0,0,0,1,0,0,2,0,2,1,1,0,0,0,6,1,0,false
C:\patrones-master\07.1_Proxy\src\main\java\mx\sidlors\pattern\proxy\YoutubeCacheProxy.java,mx.sidlors.pattern.proxy.YoutubeCacheProxy,reset/0,false,39,0,0,0,0,1,1,4,0,0,0,1,0,0,0,0,0,0,0,0,0,0,0,0,0,0,1,1,0,false
C:\patrones-master\07.1_Proxy\src\main\java\mx\sidlors\pattern\proxy\YoutubeCacheProxy.java,mx.sidlors.pattern.proxy.YoutubeCacheProxy,YoutubeCacheProxy/0,true,13,1,2,1,1,1,0,3,0,0,0,0,0,0,0,0,0,0,0,0,1,0,0,0,0,0,6,1,0,false
C:\patrones-master\07.1_Proxy\src\main\java\mx\sidlors\pattern\proxy\YoutubeCacheProxy.java,mx.sidlors.pattern.proxy.YoutubeCacheProxy,popularVideos/0,false,18,2,1,0,1,2,3,9,1,0,0,3,0,0,0,0,0,0,1,0,1,0,1,0,0,0,6,1,0,false
C:\patrones-master\14_Cadena\src\main\java\com\sidlors\patterns\chain\InterfaceAyuda.java,com.sidlors.patterns.chain.InterfaceAyuda,getAyuda/1[int],false,3,0,2,2,0,1,0,1,0,0,1,0,0,0,0,0,0,0,0,0,0,0,0,0,0,0,3,1,0,false
C:\patrones-master\06_Prototype\src\main\java\com\sidlors\patterns\prototype\PruebaReferencias.java,com.sidlors.patterns.prototype.PruebaReferencias,main/1[java.lang.String[]],false,4,1,3,0,3,1,4,12,0,2,1,4,0,0,0,0,0,0,6,0,3,0,0,0,0,0,8,9,0,false
C:\patrones-master\11_Comando\src\main\java\com\sidlors\patterns\comando\RemoteControl.java,com.sidlors.patterns.comando.RemoteControl,offButtomWasPushed/1[int],false,29,1,1,0,1,1,1,3,0,0,1,1,0,0,0,0,0,0,0,0,0,0,0,0,0,0,5,1,0,false
C:\patrones-master\11_Comando\src\main\java\com\sidlors\patterns\comando\RemoteControl.java,com.sidlors.patterns.comando.RemoteControl,RemoteControl/0,true,9,2,2,1,1,2,0,9,0,2,0,0,0,0,1,0,0,0,0,3,6,0,1,0,0,0,9,1,0,false
C:\patrones-master\11_Comando\src\main\java\com\sidlors\patterns\comando\RemoteControl.java,com.sidlors.patterns.comando.RemoteControl,toString/0,false,34,0,0,0,0,2,4,8,1,2,0,4,0,0,1,0,0,0,5,1,2,1,1,0,0,0,6,1,0,false
C:\patrones-master\11_Comando\src\main\java\com\sidlors\patterns\comando\RemoteControl.java,com.sidlors.patterns.comando.RemoteControl,onButtomWasPushed/1[int],false,25,1,1,0,1,1,1,3,0,0,1,1,0,0,0,0,0,0,0,0,0,0,0,0,0,0,5,1,0,false
C:\patrones-master\11_Comando\src\main\java\com\sidlors\patterns\comando\RemoteControl.java,com.sidlors.patterns.comando.RemoteControl,"setCommand/3[int,com.sidlors.patterns.comando.Command,com.sidlors.patterns.comando.Command]",false,20,1,0,0,0,1,0,4,0,0,3,0,0,0,0,0,0,0,0,0,2,0,0,0,0,0,4,1,0,false
C:\patrones-master\01_Polimorfismo\src\main\java\com\sidlors\patterns\polimorfismo\Interface.java,com.sidlors.patterns.polimorfismo.Interface,saludar/0,false,4,0,0,0,0,1,0,1,0,0,0,0,0,0,0,0,0,0,0,0,0,0,0,0,0,0,1,1,0,false
C:\patrones-master\01_Polimorfismo\src\main\java\com\sidlors\patterns\polimorfismo\Interface.java,com.sidlors.patterns.polimorfismo.Interface,getNombre/0,false,5,0,0,0,0,1,0,1,0,0,0,0,0,0,0,0,0,0,0,0,0,0,0,0,0,0,2,1,0,false
C:\patrones-master\17_Memento\src\main\java\com\sidlors\patterns\memento\Registro.java,com.sidlors.patterns.memento.Registro,getRegistro/0,false,13,0,1,1,0,1,1,5,0,0,0,1,0,0,0,0,0,0,6,0,0,3,0,0,0,0,2,1,0,false
C:\patrones-master\17_Memento\src\main\java\com\sidlors\patterns\memento\Registro.java,com.sidlors.patterns.memento.Registro,"Registro/3[java.lang.String,int,boolean]",true,7,0,1,1,0,1,0,5,0,0,3,0,0,0,0,0,0,0,0,0,3,0,0,0,0,0,4,1,0,false
C:\patrones-master\06_Prototype\src\main\java\com\sidlors\patterns\prototype\Figura.java,com.sidlors.patterns.prototype.Figura,setNombre/1[java.lang.String],false,3,0,3,3,0,1,0,1,0,0,1,0,0,0,0,0,0,0,0,0,0,0,0,0,0,0,3,1,0,false
C:\patrones-master\06_Prototype\src\main\java\com\sidlors\patterns\prototype\Figura.java,com.sidlors.patterns.prototype.Figura,clonar/0,false,7,1,0,0,0,1,0,1,0,0,0,0,0,0,0,0,0,0,0,0,0,0,0,0,0,0,2,1,0,false
C:\patrones-master\06_Prototype\src\main\java\com\sidlors\patterns\prototype\Figura.java,com.sidlors.patterns.prototype.Figura,getNombre/0,false,4,0,1,1,0,1,0,1,0,0,0,0,0,0,0,0,0,0,0,0,0,0,0,0,0,0,2,1,0,false
C:\patrones-master\06_Prototype\src\main\java\com\sidlors\patterns\prototype\Figura.java,com.sidlors.patterns.prototype.Figura,"mover/2[int,int]",false,5,0,3,3,0,1,0,1,0,0,2,0,0,0,0,0,0,0,0,0,0,0,0,0,0,0,2,1,0,false
C:\patrones-master\06_Prototype\src\main\java\com\sidlors\patterns\prototype\Figura.java,com.sidlors.patterns.prototype.Figura,getPosicion/0,false,6,0,1,1,0,1,0,1,0,0,0,0,0,0,0,0,0,0,0,0,0,0,0,0,0,0,2,1,0,false
C:\patrones-master\07.1_Proxy\src\main\java\mx\sidlors\pattern\proxy\YoutubeDownloader.java,mx.sidlors.pattern.proxy.YoutubeDownloader,YoutubeDownloader/1[mx.sidlors.pattern.proxy.ThirdPartyYoutubeLib],true,9,1,1,1,0,1,0,3,0,0,1,0,0,0,0,0,0,0,0,0,1,0,0,0,0,0,6,1,0,false
C:\patrones-master\07.1_Proxy\src\main\java\mx\sidlors\pattern\proxy\YoutubeDownloader.java,mx.sidlors.pattern.proxy.YoutubeDownloader,renderVideoPage/1[java.lang.String],false,13,2,2,1,1,1,2,9,0,1,1,2,0,0,0,0,0,0,6,0,1,3,0,0,0,0,12,1,0,false
C:\patrones-master\07.1_Proxy\src\main\java\mx\sidlors\pattern\proxy\YoutubeDownloader.java,mx.sidlors.pattern.proxy.YoutubeDownloader,renderPopularVideos/0,false,23,2,2,1,1,2,3,9,0,1,0,3,0,0,1,0,0,0,5,0,1,1,1,0,0,0,16,1,0,false
C:\patrones-master\01_Polimorfismo\src\main\java\com\sidlors\patterns\polimorfismo\Hereda.java,com.sidlors.patterns.polimorfismo.Hereda,getNombre/0,false,14,0,1,1,0,1,0,3,1,0,0,0,0,0,0,0,0,0,0,0,0,0,0,0,0,0,3,1,0,false
C:\patrones-master\01_Polimorfismo\src\main\java\com\sidlors\patterns\polimorfismo\Hereda.java,com.sidlors.patterns.polimorfismo.Hereda,saludar/0,false,19,1,2,1,1,1,2,3,0,0,0,2,1,1,0,0,0,0,1,0,0,1,0,0,0,0,3,1,1,false
C:\patrones-master\01_Polimorfismo\src\main\java\com\sidlors\patterns\polimorfismo\Hereda.java,com.sidlors.patterns.polimorfismo.Hereda,main/1[java.lang.String[]],false,23,1,1,0,1,1,0,3,0,1,1,0,0,0,0,0,0,0,0,0,1,0,0,0,0,0,4,9,0,false
C:\patrones-master\01_Polimorfismo\src\main\java\com\sidlors\patterns\polimorfismo\Hereda.java,com.sidlors.patterns.polimorfismo.Hereda,Hereda/0,true,9,1,2,1,1,1,1,3,0,0,0,1,1,2,0,0,0,0,0,0,0,0,0,0,0,0,2,1,0,false
C:\patrones-master\10_Puente\src\main\java\com\sidlors\patterns\bridge\PruebaPuente.java,com.sidlors.patterns.bridge.PruebaPuente,main/1[java.lang.String[]],false,6,6,12,0,12,7,13,55,1,10,1,13,0,0,4,0,0,1,21,9,11,5,1,0,0,0,43,9,0,false
C:\patrones-master\11_Comando\src\main\java\com\sidlors\patterns\comando\Light.java,com.sidlors.patterns.comando.Light,Light/1[java.lang.String],true,7,0,0,0,0,1,0,3,0,0,1,0,0,0,0,0,0,0,0,0,1,0,0,0,0,0,2,1,0,false
C:\patrones-master\06_Prototype\src\main\java\com\sidlors\patterns\prototype\Circulo.java,com.sidlors.patterns.prototype.Circulo,getPosicion/0,false,27,0,1,1,0,1,1,4,0,0,0,1,0,0,0,0,0,0,2,0,0,2,0,0,0,0,3,1,0,false
C:\patrones-master\06_Prototype\src\main\java\com\sidlors\patterns\prototype\Circulo.java,com.sidlors.patterns.prototype.Circulo,Circulo/0,true,8,0,2,2,0,1,0,2,0,0,0,0,0,0,0,0,0,0,0,0,0,0,0,0,0,0,1,1,0,false
C:\patrones-master\06_Prototype\src\main\java\com\sidlors\patterns\prototype\Circulo.java,com.sidlors.patterns.prototype.Circulo,clonar/0,false,33,2,4,1,3,1,2,6,1,1,0,2,0,0,0,0,0,0,0,0,1,0,0,0,0,0,4,1,0,false
C:\patrones-master\06_Prototype\src\main\java\com\sidlors\patterns\prototype\Circulo.java,com.sidlors.patterns.prototype.Circulo,setNombre/1[java.lang.String],false,11,0,1,1,0,1,0,3,0,0,1,0,0,0,0,0,0,0,0,0,1,0,0,0,0,0,3,1,0,false
C:\patrones-master\06_Prototype\src\main\java\com\sidlors\patterns\prototype\Circulo.java,com.sidlors.patterns.prototype.Circulo,"mover/2[int,int]",false,21,0,1,1,0,1,0,4,0,0,2,0,0,0,0,0,0,0,0,0,2,0,0,0,0,0,3,1,0,false
C:\patrones-master\06_Prototype\src\main\java\com\sidlors\patterns\prototype\Circulo.java,com.sidlors.patterns.prototype.Circulo,getNombre/0,false,16,0,1,1,0,1,0,3,1,0,0,0,0,0,0,0,0,0,0,0,0,0,0,0,0,0,3,1,0,false
C:\patrones-master\12_Decorador\src\main\java\mx\com\sidlors\patrones\decorator\Hamburguesa.java,mx.com.sidlors.patrones.decorator.Hamburguesa,getDescripcion/0,false,4,0,4,4,0,1,0,3,1,0,0,0,0,0,0,0,0,0,1,0,0,0,0,0,0,0,2,1,0,false
C:\patrones-master\17_Memento\src\main\java\com\sidlors\patterns\memento\BaseDeDatos.java,com.sidlors.patterns.memento.BaseDeDatos,limpiarBD/0,false,18,0,1,1,0,1,0,3,0,0,0,0,0,0,0,0,0,0,0,0,1,0,0,0,0,0,5,1,0,false
C:\patrones-master\17_Memento\src\main\java\com\sidlors\patterns\memento\BaseDeDatos.java,com.sidlors.patterns.memento.BaseDeDatos,generarBackup/0,false,32,1,2,1,1,1,1,3,0,0,0,1,0,0,0,0,0,0,0,0,0,0,0,0,0,0,3,1,0,false
C:\patrones-master\17_Memento\src\main\java\com\sidlors\patterns\memento\BaseDeDatos.java,com.sidlors.patterns.memento.BaseDeDatos,getTamanioBackup/0,false,43,1,2,1,1,1,1,3,1,0,0,1,0,0,0,0,0,0,0,0,0,0,0,0,0,0,3,1,0,false
C:\patrones-master\17_Memento\src\main\java\com\sidlors\patterns\memento\BaseDeDatos.java,com.sidlors.patterns.memento.BaseDeDatos,BaseDeDatos/0,true,8,2,2,1,1,1,0,4,0,0,0,0,0,0,0,0,0,0,0,0,2,0,0,0,0,0,6,1,0,false
C:\patrones-master\17_Memento\src\main\java\com\sidlors\patterns\memento\BaseDeDatos.java,com.sidlors.patterns.memento.BaseDeDatos,"agregarRegistro/3[java.lang.String,int,boolean]",false,13,1,2,1,1,1,1,4,0,1,3,1,0,0,0,0,0,0,0,0,1,0,0,0,0,0,4,1,0,false
C:\patrones-master\17_Memento\src\main\java\com\sidlors\patterns\memento\BaseDeDatos.java,com.sidlors.patterns.memento.BaseDeDatos,getBackup/1[int],false,36,2,2,1,1,2,2,6,0,0,1,2,0,0,1,0,0,0,0,0,1,0,1,0,0,0,6,1,0,false
C:\patrones-master\17_Memento\src\main\java\com\sidlors\patterns\memento\BaseDeDatos.java,com.sidlors.patterns.memento.BaseDeDatos,mostrarListado/0,false,22,1,2,1,1,3,2,10,0,0,0,2,0,0,1,1,0,0,1,0,0,0,2,0,0,0,9,1,0,false
C:\patrones-master\06_Prototype\src\main\java\com\sidlors\patterns\prototype\Cuadrado.java,com.sidlors.patterns.prototype.Cuadrado,getNombre/0,false,14,0,1,1,0,1,0,3,1,0,0,0,0,0,0,0,0,0,0,0,0,0,0,0,0,0,3,1,0,false
C:\patrones-master\06_Prototype\src\main\java\com\sidlors\patterns\prototype\Cuadrado.java,com.sidlors.patterns.prototype.Cuadrado,getPosicion/0,false,25,0,1,1,0,1,1,4,0,0,0,1,0,0,0,0,0,0,2,0,0,2,0,0,0,0,3,1,0,false
C:\patrones-master\06_Prototype\src\main\java\com\sidlors\patterns\prototype\Cuadrado.java,com.sidlors.patterns.prototype.Cuadrado,Cuadrado/0,true,6,0,2,2,0,1,0,2,0,0,0,0,0,0,0,0,0,0,0,0,0,0,0,0,0,0,1,1,0,false
C:\patrones-master\06_Prototype\src\main\java\com\sidlors\patterns\prototype\Cuadrado.java,com.sidlors.patterns.prototype.Cuadrado,setNombre/1[java.lang.String],false,9,0,1,1,0,1,0,3,0,0,1,0,0,0,0,0,0,0,0,0,1,0,0,0,0,0,3,1,0,false
C:\patrones-master\06_Prototype\src\main\java\com\sidlors\patterns\prototype\Cuadrado.java,com.sidlors.patterns.prototype.Cuadrado,"mover/2[int,int]",false,19,0,1,1,0,1,0,4,0,0,2,0,0,0,0,0,0,0,0,0,2,0,0,0,0,0,3,1,0,false
C:\patrones-master\06_Prototype\src\main\java\com\sidlors\patterns\prototype\Cuadrado.java,com.sidlors.patterns.prototype.Cuadrado,clonar/0,false,31,2,4,1,3,1,2,6,1,1,0,2,0,0,0,0,0,0,0,0,1,0,0,0,0,0,4,1,0,false
C:\patrones-master\16_Estrategia\src\main\java\mx\com\sidlors\patrones\strategy\contexto\AvionRapido.java,mx.com.sidlors.patrones.strategy.contexto.AvionRapido,AvionRapido/0,true,4,0,1,1,0,1,0,2,0,0,0,0,0,0,0,0,0,0,0,0,0,0,0,0,0,0,2,1,0,false
C:\patrones-master\03_Factory\src\main\java\com\sidlors\objects\Conexion.java,com.sidlors.objects.Conexion,Conexion/0,true,3,0,0,0,0,1,0,2,0,0,0,0,0,0,0,0,0,0,0,0,0,0,0,0,0,0,1,1,0,false
C:\patrones-master\03_Factory\src\main\java\com\sidlors\objects\Conexion.java,com.sidlors.objects.Conexion,descripcion/0,false,5,0,1,1,0,1,0,3,1,0,0,0,0,0,0,0,0,0,1,0,0,0,0,0,0,0,1,1,0,false
C:\patrones-master\00_Compuesto\src\main\java\com\sidlors\patterns\composition\Prueba.java,com.sidlors.patterns.composition.Prueba,main/1[java.lang.String[]],false,5,0,0,0,0,2,2,12,0,1,1,2,0,0,1,0,0,0,0,6,1,0,1,0,0,0,4,9,0,false
C:\patrones-master\19_Iterador\src\main\java\com\sidlors\patterns\iterator\ListaPalabras.java,com.sidlors.patterns.iterator.ListaPalabras,agregar/1[java.lang.String],false,10,0,1,1,0,6,0,20,0,0,1,0,0,0,0,0,0,0,0,5,5,0,1,0,0,0,8,1,0,false
C:\patrones-master\19_Iterador\src\main\java\com\sidlors\patterns\iterator\ListaPalabras.java,com.sidlors.patterns.iterator.ListaPalabras,ListaPalabras/0,true,6,0,1,1,0,1,0,3,0,0,0,0,0,0,0,0,0,0,0,1,1,0,0,0,0,0,3,1,0,false
C:\patrones-master\19_Iterador\src\main\java\com\sidlors\patterns\iterator\ListaPalabras.java,com.sidlors.patterns.iterator.ListaPalabras,iterador/0,false,31,1,2,1,1,1,0,3,1,0,0,0,0,0,0,0,0,0,0,0,0,0,0,0,0,0,4,1,0,false
C:\patrones-master\18_MetodoPlantilla\src\main\java\com\sidlors\patterns\template\PruebaPlantilla.java,com.sidlors.patterns.template.PruebaPlantilla,main/1[java.lang.String[]],false,3,3,3,0,3,1,2,7,0,2,1,2,0,0,0,0,0,0,4,8,2,0,0,0,0,0,6,9,0,false
C:\patrones-master\15_Estado\src\main\java\com\sidlors\patterns\state\Activa.java,com.sidlors.patterns.state.Activa,ejecutarAccion/0,false,4,0,0,0,0,1,1,3,0,0,0,1,0,0,0,0,0,0,1,0,0,0,0,0,0,0,2,1,0,false
C:\patrones-master\05_AbstractFactory\src\com\sidlors\abstracfactory\Conexion.java,com.sidlors.abstracfactory.Conexion,Conexion/0,true,5,0,0,0,0,1,0,2,0,0,0,0,0,0,0,0,0,0,0,0,0,0,0,0,0,0,1,1,0,false
C:\patrones-master\05_AbstractFactory\src\com\sidlors\abstracfactory\Conexion.java,com.sidlors.abstracfactory.Conexion,descripcion/0,false,8,0,1,1,0,1,0,3,1,0,0,0,0,0,0,0,0,0,1,0,0,0,0,0,0,0,1,1,0,false
C:\patrones-master\19_Iterador\src\main\java\com\sidlors\patterns\iterator\PruebaIterador.java,com.sidlors.patterns.iterator.PruebaIterador,main/1[java.lang.String[]],false,3,3,8,0,8,3,9,28,0,5,1,9,0,0,2,0,0,0,6,6,6,0,1,0,0,0,12,9,0,false
C:\patrones-master\19_Iterador\src\main\java\com\sidlors\patterns\iterator\ListaPalabrasIterador.java,com.sidlors.patterns.iterator.ListaPalabrasIterador,tieneSiguiente/0,false,36,0,0,0,0,2,0,8,2,0,0,0,0,0,0,0,0,0,0,1,0,0,1,0,0,0,5,1,0,false
C:\patrones-master\19_Iterador\src\main\java\com\sidlors\patterns\iterator\ListaPalabrasIterador.java,com.sidlors.patterns.iterator.ListaPalabrasIterador,siguiente/0,false,19,0,0,0,0,6,0,15,6,0,0,0,0,0,0,0,0,0,0,5,0,0,1,0,0,0,9,1,0,false
C:\patrones-master\19_Iterador\src\main\java\com\sidlors\patterns\iterator\ListaPalabrasIterador.java,com.sidlors.patterns.iterator.ListaPalabrasIterador,"ListaPalabrasIterador/5[java.lang.String,java.lang.String,java.lang.String,java.lang.String,java.lang.String]",true,9,0,1,1,0,1,0,8,0,0,5,0,0,0,0,0,0,0,0,1,6,0,0,0,0,0,8,1,0,false
C:\patrones-master\10_Puente\src\main\java\com\sidlors\patterns\bridge\ImpListaRepetidos.java,com.sidlors.patterns.bridge.ImpListaRepetidos,remItem/1[java.lang.String],false,14,0,0,0,0,2,3,5,0,0,1,3,0,0,0,0,0,0,0,0,0,0,1,0,0,0,3,1,0,false
C:\patrones-master\10_Puente\src\main\java\com\sidlors\patterns\bridge\ImpListaRepetidos.java,com.sidlors.patterns.bridge.ImpListaRepetidos,getItem/1[int],false,26,0,0,0,0,2,2,6,2,0,1,2,0,0,0,0,0,0,0,0,0,0,1,0,0,0,4,1,0,false
C:\patrones-master\10_Puente\src\main\java\com\sidlors\patterns\bridge\ImpListaRepetidos.java,com.sidlors.patterns.bridge.ImpListaRepetidos,getCantidadDeItems/0,false,21,0,0,0,0,1,1,3,1,0,0,1,0,0,0,0,0,0,0,0,0,0,0,0,0,0,4,1,0,false
C:\patrones-master\10_Puente\src\main\java\com\sidlors\patterns\bridge\ImpListaRepetidos.java,com.sidlors.patterns.bridge.ImpListaRepetidos,addItem/1[java.lang.String],false,9,0,0,0,0,1,1,3,0,0,1,1,0,0,0,0,0,0,0,0,0,0,0,0,0,0,3,1,0,false
C:\patrones-master\10_Puente\src\main\java\com\sidlors\patterns\bridge\ImpListaRepetidos.java,com.sidlors.patterns.bridge.ImpListaRepetidos,soportaRepetidos/0,false,34,0,0,0,0,1,0,3,1,0,0,0,0,0,0,0,0,0,0,0,0,0,0,0,0,0,3,1,0,false
