file,class,method,variable,usage
C:\TasksFromBlinov_Java_Epam-master\TasksFromBlinov\src\onlyTests\threads\synchron\Resource.java,onlyTests.threads.synchron.Resource,close/0,fileWriter,1
C:\TasksFromBlinov_Java_Epam-master\TasksFromBlinov\src\onlyTests\threads\synchron\Resource.java,onlyTests.threads.synchron.Resource,"writing/2[java.lang.String,int]",fileWriter,2
C:\TasksFromBlinov_Java_Epam-master\TasksFromBlinov\src\onlyTests\threads\synchron\Resource.java,onlyTests.threads.synchron.Resource,Resource/1[java.lang.String],fileWriter,1
C:\TasksFromBlinov_Java_Epam-master\TasksFromBlinov\src\onlyTests\threads\wait_notify\Payment.java,onlyTests.threads.wait_notify.Payment,getAmount/0,amount,1
C:\TasksFromBlinov_Java_Epam-master\TasksFromBlinov\src\onlyTests\threads\wait_notify\Payment.java,onlyTests.threads.wait_notify.Payment,doPayment/0,amount,1
C:\TasksFromBlinov_Java_Epam-master\TasksFromBlinov\src\onlyTests\threads\wait_notify\Payment.java,onlyTests.threads.wait_notify.Payment,doPayment/0,close,2
C:\TasksFromBlinov_Java_Epam-master\TasksFromBlinov\src\onlyTests\threads\wait_notify\Payment.java,onlyTests.threads.wait_notify.Payment,isClose/0,close,1
C:\TasksFromBlinov_Java_Epam-master\TasksFromBlinov\src\onlyTests\threads\wait_notify\Payment.java,onlyTests.threads.wait_notify.Payment,initAmount/0,amount,1
C:\TasksFromBlinov_Java_Epam-master\TasksFromBlinov\src\chapter_8\task_B_4\Entity\Potato.java,chapter_8.task_B_4.Entity.Potato,"Potato/2[int,boolean]",koof,1
C:\TasksFromBlinov_Java_Epam-master\TasksFromBlinov\src\chapter_9\task_C_4\ReaderFromFileCode.java,chapter_9.task_C_4.ReaderFromFileCode,replaceUpper/0,codeText,4
C:\TasksFromBlinov_Java_Epam-master\TasksFromBlinov\src\chapter_9\task_C_4\ReaderFromFileCode.java,chapter_9.task_C_4.ReaderFromFileCode,getCodeText/0,codeText,1
C:\TasksFromBlinov_Java_Epam-master\TasksFromBlinov\src\chapter_9\task_C_4\ReaderFromFileCode.java,chapter_9.task_C_4.ReaderFromFileCode,readCode/1[java.lang.String],codeText,2
C:\TasksFromBlinov_Java_Epam-master\TasksFromBlinov\src\onlyTests\threads\semafors\Client.java,onlyTests.threads.semafors.Client,isReading/0,reading,1
C:\TasksFromBlinov_Java_Epam-master\TasksFromBlinov\src\onlyTests\threads\semafors\Client.java,onlyTests.threads.semafors.Client,Client/1[onlyTests.threads.semafors.ChannelPool<onlyTests.threads.semafors.AudioChannel>],pool,3
C:\TasksFromBlinov_Java_Epam-master\TasksFromBlinov\src\onlyTests\DB\dbHelper\Abonent.java,onlyTests.DB.dbHelper.Abonent,getLastname/0,lastname,1
C:\TasksFromBlinov_Java_Epam-master\TasksFromBlinov\src\onlyTests\DB\dbHelper\Abonent.java,onlyTests.DB.dbHelper.Abonent,setLastname/1[java.lang.String],lastname,3
C:\TasksFromBlinov_Java_Epam-master\TasksFromBlinov\src\onlyTests\DB\dbHelper\Abonent.java,onlyTests.DB.dbHelper.Abonent,getPhone/0,phone,1
C:\TasksFromBlinov_Java_Epam-master\TasksFromBlinov\src\onlyTests\DB\dbHelper\Abonent.java,onlyTests.DB.dbHelper.Abonent,toString/0,phone,1
C:\TasksFromBlinov_Java_Epam-master\TasksFromBlinov\src\onlyTests\DB\dbHelper\Abonent.java,onlyTests.DB.dbHelper.Abonent,toString/0,lastname,1
C:\TasksFromBlinov_Java_Epam-master\TasksFromBlinov\src\onlyTests\DB\dbHelper\Abonent.java,onlyTests.DB.dbHelper.Abonent,setPhone/1[int],phone,3
C:\TasksFromBlinov_Java_Epam-master\TasksFromBlinov\src\onlyTests\DB\dbHelper\Abonent.java,onlyTests.DB.dbHelper.Abonent,"Abonent/3[int,int,java.lang.String]",phone,3
C:\TasksFromBlinov_Java_Epam-master\TasksFromBlinov\src\onlyTests\DB\dbHelper\Abonent.java,onlyTests.DB.dbHelper.Abonent,"Abonent/3[int,int,java.lang.String]",lastname,3
C:\TasksFromBlinov_Java_Epam-master\TasksFromBlinov\src\onlyTests\networkProgramms\client_Server\NetServerThread.java,onlyTests.networkProgramms.client_Server.ServerThread,ServerThread/1[java.net.Socket],os,1
C:\TasksFromBlinov_Java_Epam-master\TasksFromBlinov\src\onlyTests\networkProgramms\client_Server\NetServerThread.java,onlyTests.networkProgramms.client_Server.ServerThread,ServerThread/1[java.net.Socket],is,1
C:\TasksFromBlinov_Java_Epam-master\TasksFromBlinov\src\onlyTests\networkProgramms\client_Server\NetServerThread.java,onlyTests.networkProgramms.client_Server.ServerThread,ServerThread/1[java.net.Socket],addr,1
C:\TasksFromBlinov_Java_Epam-master\TasksFromBlinov\src\onlyTests\networkProgramms\client_Server\NetServerThread.java,onlyTests.networkProgramms.client_Server.ServerThread,run/0,os,1
C:\TasksFromBlinov_Java_Epam-master\TasksFromBlinov\src\onlyTests\networkProgramms\client_Server\NetServerThread.java,onlyTests.networkProgramms.client_Server.ServerThread,run/0,is,1
C:\TasksFromBlinov_Java_Epam-master\TasksFromBlinov\src\onlyTests\networkProgramms\client_Server\NetServerThread.java,onlyTests.networkProgramms.client_Server.ServerThread,run/0,addr,1
C:\TasksFromBlinov_Java_Epam-master\TasksFromBlinov\src\onlyTests\networkProgramms\client_Server\NetServerThread.java,onlyTests.networkProgramms.client_Server.ServerThread,disconnect/0,os,2
C:\TasksFromBlinov_Java_Epam-master\TasksFromBlinov\src\onlyTests\networkProgramms\client_Server\NetServerThread.java,onlyTests.networkProgramms.client_Server.ServerThread,disconnect/0,is,2
C:\TasksFromBlinov_Java_Epam-master\TasksFromBlinov\src\onlyTests\networkProgramms\client_Server\NetServerThread.java,onlyTests.networkProgramms.client_Server.ServerThread,disconnect/0,addr,1
C:\TasksFromBlinov_Java_Epam-master\TasksFromBlinov\src\chapter_12\task_A_2\Film.java,chapter_12.task_A_2.Film,toString/0,nameFilm,1
C:\TasksFromBlinov_Java_Epam-master\TasksFromBlinov\src\chapter_12\task_A_2\Film.java,chapter_12.task_A_2.Film,toString/0,country,1
C:\TasksFromBlinov_Java_Epam-master\TasksFromBlinov\src\chapter_12\task_A_2\Film.java,chapter_12.task_A_2.Film,toString/0,actors,1
C:\TasksFromBlinov_Java_Epam-master\TasksFromBlinov\src\chapter_12\task_A_2\Film.java,chapter_12.task_A_2.Film,toString/0,dateRelease,1
C:\TasksFromBlinov_Java_Epam-master\TasksFromBlinov\src\chapter_12\task_A_2\Film.java,chapter_12.task_A_2.Film,setActors/1[java.util.ArrayList<chapter_12.task_A_2.Actor>],actors,3
C:\TasksFromBlinov_Java_Epam-master\TasksFromBlinov\src\chapter_12\task_A_2\Film.java,chapter_12.task_A_2.Film,getCountry/0,country,1
C:\TasksFromBlinov_Java_Epam-master\TasksFromBlinov\src\chapter_12\task_A_2\Film.java,chapter_12.task_A_2.Film,Film/0,actors,1
C:\TasksFromBlinov_Java_Epam-master\TasksFromBlinov\src\chapter_12\task_A_2\Film.java,chapter_12.task_A_2.Film,getNameFilm/0,nameFilm,1
C:\TasksFromBlinov_Java_Epam-master\TasksFromBlinov\src\chapter_12\task_A_2\Film.java,chapter_12.task_A_2.Film,"Film/5[int,java.lang.String,java.util.Date,java.lang.String,chapter_12.task_A_2.Actor]",nameFilm,3
C:\TasksFromBlinov_Java_Epam-master\TasksFromBlinov\src\chapter_12\task_A_2\Film.java,chapter_12.task_A_2.Film,"Film/5[int,java.lang.String,java.util.Date,java.lang.String,chapter_12.task_A_2.Actor]",country,3
C:\TasksFromBlinov_Java_Epam-master\TasksFromBlinov\src\chapter_12\task_A_2\Film.java,chapter_12.task_A_2.Film,"Film/5[int,java.lang.String,java.util.Date,java.lang.String,chapter_12.task_A_2.Actor]",actors,2
C:\TasksFromBlinov_Java_Epam-master\TasksFromBlinov\src\chapter_12\task_A_2\Film.java,chapter_12.task_A_2.Film,"Film/5[int,java.lang.String,java.util.Date,java.lang.String,chapter_12.task_A_2.Actor]",dateRelease,3
C:\TasksFromBlinov_Java_Epam-master\TasksFromBlinov\src\chapter_12\task_A_2\Film.java,chapter_12.task_A_2.Film,getActors/0,actors,1
C:\TasksFromBlinov_Java_Epam-master\TasksFromBlinov\src\chapter_12\task_A_2\Film.java,chapter_12.task_A_2.Film,addActor/1[chapter_12.task_A_2.Actor],actors,1
C:\TasksFromBlinov_Java_Epam-master\TasksFromBlinov\src\chapter_12\task_A_2\Film.java,chapter_12.task_A_2.Film,setNameFilm/1[java.lang.String],nameFilm,3
C:\TasksFromBlinov_Java_Epam-master\TasksFromBlinov\src\chapter_12\task_A_2\Film.java,chapter_12.task_A_2.Film,getDateRelease/0,dateRelease,1
C:\TasksFromBlinov_Java_Epam-master\TasksFromBlinov\src\chapter_12\task_A_2\Film.java,chapter_12.task_A_2.Film,setCountry/1[java.lang.String],country,3
C:\TasksFromBlinov_Java_Epam-master\TasksFromBlinov\src\chapter_12\task_A_2\Film.java,chapter_12.task_A_2.Film,setDateRelease/1[java.util.Date],dateRelease,3
C:\TasksFromBlinov_Java_Epam-master\TasksFromBlinov\src\onlyTests\threads\atomic\Broker.java,onlyTests.threads.atomic.Broker,Broker/1[onlyTests.threads.atomic.Market],market,3
C:\TasksFromBlinov_Java_Epam-master\TasksFromBlinov\src\onlyTests\threads\atomic\Broker.java,onlyTests.threads.atomic.Broker,run/0,market,1
C:\TasksFromBlinov_Java_Epam-master\TasksFromBlinov\src\onlyTests\threads\atomic\Broker.java,onlyTests.threads.atomic.Broker,run/0,PAUSE,1
C:\TasksFromBlinov_Java_Epam-master\TasksFromBlinov\src\chapter_11\task_A_4_bad\Client.java,chapter_11.task_A_4_bad.Client,getIdClient/0,idClient,1
C:\TasksFromBlinov_Java_Epam-master\TasksFromBlinov\src\chapter_11\task_A_4_bad\Client.java,chapter_11.task_A_4_bad.Client,setTimeCanWait/1[int],timeCanWait,3
C:\TasksFromBlinov_Java_Epam-master\TasksFromBlinov\src\chapter_11\task_A_4_bad\Client.java,chapter_11.task_A_4_bad.Client,setTimeSpeak/1[int],timeSpeak,3
C:\TasksFromBlinov_Java_Epam-master\TasksFromBlinov\src\chapter_11\task_A_4_bad\Client.java,chapter_11.task_A_4_bad.Client,toString/0,timeSpeak,1
C:\TasksFromBlinov_Java_Epam-master\TasksFromBlinov\src\chapter_11\task_A_4_bad\Client.java,chapter_11.task_A_4_bad.Client,toString/0,timeCanWait,1
C:\TasksFromBlinov_Java_Epam-master\TasksFromBlinov\src\chapter_11\task_A_4_bad\Client.java,chapter_11.task_A_4_bad.Client,toString/0,idClient,1
C:\TasksFromBlinov_Java_Epam-master\TasksFromBlinov\src\chapter_11\task_A_4_bad\Client.java,chapter_11.task_A_4_bad.Client,equals/1[java.lang.Object],idClient,1
C:\TasksFromBlinov_Java_Epam-master\TasksFromBlinov\src\chapter_11\task_A_4_bad\Client.java,chapter_11.task_A_4_bad.Client,run/0,timeCanWait,2
C:\TasksFromBlinov_Java_Epam-master\TasksFromBlinov\src\chapter_11\task_A_4_bad\Client.java,chapter_11.task_A_4_bad.Client,run/0,idClient,2
C:\TasksFromBlinov_Java_Epam-master\TasksFromBlinov\src\chapter_11\task_A_4_bad\Client.java,chapter_11.task_A_4_bad.Client,"Client/3[int,int,int]",timeSpeak,3
C:\TasksFromBlinov_Java_Epam-master\TasksFromBlinov\src\chapter_11\task_A_4_bad\Client.java,chapter_11.task_A_4_bad.Client,"Client/3[int,int,int]",timeCanWait,3
C:\TasksFromBlinov_Java_Epam-master\TasksFromBlinov\src\chapter_11\task_A_4_bad\Client.java,chapter_11.task_A_4_bad.Client,"Client/3[int,int,int]",idClient,3
C:\TasksFromBlinov_Java_Epam-master\TasksFromBlinov\src\chapter_11\task_A_4_bad\Client.java,chapter_11.task_A_4_bad.Client,getTimeSpeak/0,timeSpeak,1
C:\TasksFromBlinov_Java_Epam-master\TasksFromBlinov\src\chapter_11\task_A_4_bad\Client.java,chapter_11.task_A_4_bad.Client,getTimeCanWait/0,timeCanWait,1
C:\TasksFromBlinov_Java_Epam-master\TasksFromBlinov\src\chapter_11\task_A_4_bad\Client.java,chapter_11.task_A_4_bad.Client,setIdClient/1[int],idClient,3
C:\TasksFromBlinov_Java_Epam-master\TasksFromBlinov\src\chapter_8\task_B_4\Entity\Vegetable.java,chapter_8.task_B_4.Entity.Vegetable,getMassa/0,massa,1
C:\TasksFromBlinov_Java_Epam-master\TasksFromBlinov\src\chapter_8\task_B_4\Entity\Vegetable.java,chapter_8.task_B_4.Entity.Vegetable,getKkal/0,kkal,1
C:\TasksFromBlinov_Java_Epam-master\TasksFromBlinov\src\chapter_8\task_B_4\Entity\Vegetable.java,chapter_8.task_B_4.Entity.Vegetable,setKkal/1[int],kkal,3
C:\TasksFromBlinov_Java_Epam-master\TasksFromBlinov\src\chapter_8\task_B_4\Entity\Vegetable.java,chapter_8.task_B_4.Entity.Vegetable,isRipe/0,ripe,1
C:\TasksFromBlinov_Java_Epam-master\TasksFromBlinov\src\onlyTests\Exceptions\Student.java,onlyTests.Exceptions.Student,setId/1[int],id,3
C:\TasksFromBlinov_Java_Epam-master\TasksFromBlinov\src\onlyTests\Exceptions\Student.java,onlyTests.Exceptions.Student,setAge/1[int],age,3
C:\TasksFromBlinov_Java_Epam-master\TasksFromBlinov\src\onlyTests\Exceptions\Student.java,onlyTests.Exceptions.Student,"Student/2[java.lang.String,int]",name,3
C:\TasksFromBlinov_Java_Epam-master\TasksFromBlinov\src\onlyTests\Exceptions\Student.java,onlyTests.Exceptions.Student,"Student/2[java.lang.String,int]",age,3
C:\TasksFromBlinov_Java_Epam-master\TasksFromBlinov\src\onlyTests\Exceptions\Student.java,onlyTests.Exceptions.Student,getId/0,id,1
C:\TasksFromBlinov_Java_Epam-master\TasksFromBlinov\src\onlyTests\Exceptions\Student.java,onlyTests.Exceptions.Student,getName/0,name,1
C:\TasksFromBlinov_Java_Epam-master\TasksFromBlinov\src\onlyTests\Exceptions\Student.java,onlyTests.Exceptions.Student,setName/1[java.lang.String],name,3
C:\TasksFromBlinov_Java_Epam-master\TasksFromBlinov\src\onlyTests\Exceptions\Student.java,onlyTests.Exceptions.Student,toString/0,name,1
C:\TasksFromBlinov_Java_Epam-master\TasksFromBlinov\src\onlyTests\Exceptions\Student.java,onlyTests.Exceptions.Student,toString/0,id,1
C:\TasksFromBlinov_Java_Epam-master\TasksFromBlinov\src\onlyTests\Exceptions\Student.java,onlyTests.Exceptions.Student,toString/0,age,1
C:\TasksFromBlinov_Java_Epam-master\TasksFromBlinov\src\onlyTests\Exceptions\Student.java,onlyTests.Exceptions.Student,getAge/0,age,1
C:\TasksFromBlinov_Java_Epam-master\TasksFromBlinov\src\chapter_11\task_A_4\Operator.java,chapter_11.task_A_4.Operator,getName/0,name,1
C:\TasksFromBlinov_Java_Epam-master\TasksFromBlinov\src\chapter_11\task_A_4\Operator.java,chapter_11.task_A_4.Operator,Operator/1[java.lang.String],name,3
C:\TasksFromBlinov_Java_Epam-master\TasksFromBlinov\src\chapter_11\task_A_4\Operator.java,chapter_11.task_A_4.Operator,speak/1[java.lang.String],name,1
C:\TasksFromBlinov_Java_Epam-master\TasksFromBlinov\src\chapter_6\task_5\Model.java,chapter_6.task_5.Model,getModel/0,model,1
C:\TasksFromBlinov_Java_Epam-master\TasksFromBlinov\src\chapter_6\task_5\Model.java,chapter_6.task_5.Model,ring/0,model,1
C:\TasksFromBlinov_Java_Epam-master\TasksFromBlinov\src\chapter_6\task_5\Model.java,chapter_6.task_5.Model,Model/1[java.lang.String],model,3
C:\TasksFromBlinov_Java_Epam-master\TasksFromBlinov\src\chapter_6\task_5\Model.java,chapter_6.task_5.Model,setModel/1[java.lang.String],model,3
C:\TasksFromBlinov_Java_Epam-master\TasksFromBlinov\src\onlyTests\threads\bariers\Bid.java,onlyTests.threads.bariers.Bid,run/0,barrier,1
C:\TasksFromBlinov_Java_Epam-master\TasksFromBlinov\src\onlyTests\threads\bariers\Bid.java,onlyTests.threads.bariers.Bid,run/0,price,2
C:\TasksFromBlinov_Java_Epam-master\TasksFromBlinov\src\onlyTests\threads\bariers\Bid.java,onlyTests.threads.bariers.Bid,run/0,bidId,2
C:\TasksFromBlinov_Java_Epam-master\TasksFromBlinov\src\onlyTests\threads\bariers\Bid.java,onlyTests.threads.bariers.Bid,"Bid/3[int,int,java.util.concurrent.CyclicBarrier]",barrier,3
C:\TasksFromBlinov_Java_Epam-master\TasksFromBlinov\src\onlyTests\threads\bariers\Bid.java,onlyTests.threads.bariers.Bid,"Bid/3[int,int,java.util.concurrent.CyclicBarrier]",price,3
C:\TasksFromBlinov_Java_Epam-master\TasksFromBlinov\src\onlyTests\threads\bariers\Bid.java,onlyTests.threads.bariers.Bid,"Bid/3[int,int,java.util.concurrent.CyclicBarrier]",bidId,1
C:\TasksFromBlinov_Java_Epam-master\TasksFromBlinov\src\onlyTests\threads\bariers\Bid.java,onlyTests.threads.bariers.Bid,getPrice/0,price,1
C:\TasksFromBlinov_Java_Epam-master\TasksFromBlinov\src\onlyTests\threads\bariers\Bid.java,onlyTests.threads.bariers.Bid,getBidId/0,bidId,1
C:\TasksFromBlinov_Java_Epam-master\TasksFromBlinov\src\chapter_8\task_B_4\Entity\Tomato.java,chapter_8.task_B_4.Entity.Tomato,"Tomato/2[int,boolean]",koof,1
C:\TasksFromBlinov_Java_Epam-master\TasksFromBlinov\src\onlyTests\threads\synchron\SyncThread.java,onlyTests.threads.synchron.SyncThread,run/0,rs,2
C:\TasksFromBlinov_Java_Epam-master\TasksFromBlinov\src\onlyTests\threads\synchron\SyncThread.java,onlyTests.threads.synchron.SyncThread,"SyncThread/2[java.lang.String,onlyTests.threads.synchron.Resource]",rs,3
C:\TasksFromBlinov_Java_Epam-master\TasksFromBlinov\src\chapter_6\task_5\SiemensMobile.java,chapter_6.task_5.SiemensMobile,isLock/0,isLock,2
C:\TasksFromBlinov_Java_Epam-master\TasksFromBlinov\src\chapter_6\task_5\SiemensMobile.java,chapter_6.task_5.SiemensMobile,getAllContact/0,contacts,1
C:\TasksFromBlinov_Java_Epam-master\TasksFromBlinov\src\chapter_6\task_5\SiemensMobile.java,chapter_6.task_5.SiemensMobile,setLock/1[boolean],isLock,1
C:\TasksFromBlinov_Java_Epam-master\TasksFromBlinov\src\onlyTests\threads\atomic\Market.java,onlyTests.threads.atomic.Market,getIndex/0,index,1
C:\TasksFromBlinov_Java_Epam-master\TasksFromBlinov\src\onlyTests\threads\atomic\Market.java,onlyTests.threads.atomic.Market,Market/1[java.util.concurrent.atomic.AtomicLong],index,3
C:\TasksFromBlinov_Java_Epam-master\TasksFromBlinov\src\onlyTests\threads\atomic\Market.java,onlyTests.threads.atomic.Market,run/0,index,2
C:\TasksFromBlinov_Java_Epam-master\TasksFromBlinov\src\onlyTests\threads\bariers\Auction.java,onlyTests.threads.bariers.Auction,Auction/0,BIDS_NUMBER,1
C:\TasksFromBlinov_Java_Epam-master\TasksFromBlinov\src\onlyTests\threads\bariers\Auction.java,onlyTests.threads.bariers.Auction,Auction/0,barrier,1
C:\TasksFromBlinov_Java_Epam-master\TasksFromBlinov\src\onlyTests\threads\bariers\Auction.java,onlyTests.threads.bariers.Auction,Auction/0,bids,1
C:\TasksFromBlinov_Java_Epam-master\TasksFromBlinov\src\onlyTests\threads\bariers\Auction.java,onlyTests.threads.bariers.Auction,add/1[onlyTests.threads.bariers.Bid],bids,1
C:\TasksFromBlinov_Java_Epam-master\TasksFromBlinov\src\onlyTests\threads\bariers\Auction.java,onlyTests.threads.bariers.Auction,defineWinner/0,bids,1
C:\TasksFromBlinov_Java_Epam-master\TasksFromBlinov\src\onlyTests\threads\bariers\Auction.java,onlyTests.threads.bariers.Auction,getBarrier/0,barrier,1
C:\TasksFromBlinov_Java_Epam-master\TasksFromBlinov\src\chapter_5\task_17\Cinema.java,chapter_5.task_17.Cinema,Cinema/1[java.lang.String],adress,3
C:\TasksFromBlinov_Java_Epam-master\TasksFromBlinov\src\chapter_5\task_17\Cinema.java,chapter_5.task_17.Cinema,"setSeans/1[java.util.HashMap<chapter_5.task_17.Cinema.Film,java.time.LocalTime>]",seanses,3
C:\TasksFromBlinov_Java_Epam-master\TasksFromBlinov\src\chapter_5\task_17\Cinema.java,chapter_5.task_17.Cinema,setAdress/1[java.lang.String],adress,3
C:\TasksFromBlinov_Java_Epam-master\TasksFromBlinov\src\chapter_5\task_17\Cinema.java,chapter_5.task_17.Cinema,getSeans/0,seanses,1
C:\TasksFromBlinov_Java_Epam-master\TasksFromBlinov\src\chapter_5\task_17\Cinema.java,chapter_5.task_17.Cinema,toString/0,seanses,1
C:\TasksFromBlinov_Java_Epam-master\TasksFromBlinov\src\chapter_5\task_17\Cinema.java,chapter_5.task_17.Cinema,toString/0,adress,1
C:\TasksFromBlinov_Java_Epam-master\TasksFromBlinov\src\chapter_5\task_17\Cinema.java,chapter_5.task_17.Cinema,getAdress/0,adress,1
C:\TasksFromBlinov_Java_Epam-master\TasksFromBlinov\src\chapter_5\task_17\Cinema.java,chapter_5.task_17.Cinema,"addSeans/4[java.lang.String,java.lang.String,int,java.time.LocalTime]",seanses,1
C:\TasksFromBlinov_Java_Epam-master\TasksFromBlinov\src\chapter_10\task_B_13\BigSquare.java,chapter_10.task_B_13.BigSquare,getyStart/0,yStart,1
C:\TasksFromBlinov_Java_Epam-master\TasksFromBlinov\src\chapter_10\task_B_13\BigSquare.java,chapter_10.task_B_13.BigSquare,getCells/0,cells,1
C:\TasksFromBlinov_Java_Epam-master\TasksFromBlinov\src\chapter_10\task_B_13\BigSquare.java,chapter_10.task_B_13.BigSquare,setyStart/1[int],yStart,3
C:\TasksFromBlinov_Java_Epam-master\TasksFromBlinov\src\chapter_10\task_B_13\BigSquare.java,chapter_10.task_B_13.BigSquare,getxStart/0,xStart,1
C:\TasksFromBlinov_Java_Epam-master\TasksFromBlinov\src\chapter_10\task_B_13\BigSquare.java,chapter_10.task_B_13.BigSquare,"calculateStart/3[double,double,double]",xStart,1
C:\TasksFromBlinov_Java_Epam-master\TasksFromBlinov\src\chapter_10\task_B_13\BigSquare.java,chapter_10.task_B_13.BigSquare,"calculateStart/3[double,double,double]",yStart,1
C:\TasksFromBlinov_Java_Epam-master\TasksFromBlinov\src\chapter_10\task_B_13\BigSquare.java,chapter_10.task_B_13.BigSquare,"calculateCellsInCircle/3[double,double,double]",cells,2
C:\TasksFromBlinov_Java_Epam-master\TasksFromBlinov\src\chapter_10\task_B_13\BigSquare.java,chapter_10.task_B_13.BigSquare,"calculateCellsInCircle/3[double,double,double]",xStart,2
C:\TasksFromBlinov_Java_Epam-master\TasksFromBlinov\src\chapter_10\task_B_13\BigSquare.java,chapter_10.task_B_13.BigSquare,"calculateCellsInCircle/3[double,double,double]",yStart,2
C:\TasksFromBlinov_Java_Epam-master\TasksFromBlinov\src\chapter_10\task_B_13\BigSquare.java,chapter_10.task_B_13.BigSquare,setxStart/1[int],xStart,3
C:\TasksFromBlinov_Java_Epam-master\TasksFromBlinov\src\chapter_11\task_A_4\Client.java,chapter_11.task_A_4.Client,"Client/3[java.util.concurrent.Semaphore,java.util.LinkedList<chapter_11.task_A_4.Operator>,java.lang.String]",pool,3
C:\TasksFromBlinov_Java_Epam-master\TasksFromBlinov\src\chapter_11\task_A_4\Client.java,chapter_11.task_A_4.Client,"Client/3[java.util.concurrent.Semaphore,java.util.LinkedList<chapter_11.task_A_4.Operator>,java.lang.String]",name,1
C:\TasksFromBlinov_Java_Epam-master\TasksFromBlinov\src\chapter_11\task_A_4\Client.java,chapter_11.task_A_4.Client,"Client/3[java.util.concurrent.Semaphore,java.util.LinkedList<chapter_11.task_A_4.Operator>,java.lang.String]",semaphore,3
C:\TasksFromBlinov_Java_Epam-master\TasksFromBlinov\src\chapter_11\task_A_4\Client.java,chapter_11.task_A_4.Client,run/0,want,2
C:\TasksFromBlinov_Java_Epam-master\TasksFromBlinov\src\chapter_11\task_A_4\Client.java,chapter_11.task_A_4.Client,run/0,pool,2
C:\TasksFromBlinov_Java_Epam-master\TasksFromBlinov\src\chapter_11\task_A_4\Client.java,chapter_11.task_A_4.Client,run/0,name,2
C:\TasksFromBlinov_Java_Epam-master\TasksFromBlinov\src\chapter_11\task_A_4\Client.java,chapter_11.task_A_4.Client,run/0,semaphore,2
C:\TasksFromBlinov_Java_Epam-master\TasksFromBlinov\src\chapter_11\task_A_4\Client.java,chapter_11.task_A_4.Client,run/0,wantToWaitOnTheLine,1
C:\TasksFromBlinov_Java_Epam-master\TasksFromBlinov\src\chapter_11\task_A_4\Client.java,chapter_11.task_A_4.Client,speakToOperator/1[java.lang.String],name,1
C:\TasksFromBlinov_Java_Epam-master\TasksFromBlinov\src\onlyTests\threads\atomic\AtomicDemo.java,onlyTests.threads.atomic.AtomicDemo,main/1[java.lang.String[]],NUMBER_BROKERS,1
C:\TasksFromBlinov_Java_Epam-master\TasksFromBlinov\src\chapter_8\task_B_4\Entity\VegUnderGround.java,chapter_8.task_B_4.Entity.VegUnderGround,"VegUnderGround/3[int,boolean,int]",koof,4
C:\TasksFromBlinov_Java_Epam-master\TasksFromBlinov\src\chapter_8\task_B_4\Entity\VegUnderGround.java,chapter_8.task_B_4.Entity.VegUnderGround,"calculateKkal/3[int,boolean,int]",koof,3
C:\TasksFromBlinov_Java_Epam-master\TasksFromBlinov\src\chapter_8\task_B_4\Entity\VegUnderGround.java,chapter_8.task_B_4.Entity.VegUnderGround,setMass/1[int],koof,1
C:\TasksFromBlinov_Java_Epam-master\TasksFromBlinov\src\chapter_8\task_B_4\Entity\VegUnderGround.java,chapter_8.task_B_4.Entity.VegUnderGround,setRipe/1[boolean],koof,1
C:\TasksFromBlinov_Java_Epam-master\TasksFromBlinov\src\chapter_12\task_A_2\Entity.java,chapter_12.task_A_2.Entity,getId/0,id,1
C:\TasksFromBlinov_Java_Epam-master\TasksFromBlinov\src\chapter_12\task_A_2\Entity.java,chapter_12.task_A_2.Entity,setId/1[int],id,3
C:\TasksFromBlinov_Java_Epam-master\TasksFromBlinov\src\chapter_12\task_A_2\Entity.java,chapter_12.task_A_2.Entity,Entity/1[int],id,3
C:\TasksFromBlinov_Java_Epam-master\TasksFromBlinov\src\onlyTests\DB\simpleBD\Abonent.java,onlyTests.DB.simpleBD.Abonent,"Abonent/3[int,int,java.lang.String]",phone,3
C:\TasksFromBlinov_Java_Epam-master\TasksFromBlinov\src\onlyTests\DB\simpleBD\Abonent.java,onlyTests.DB.simpleBD.Abonent,"Abonent/3[int,int,java.lang.String]",lastname,3
C:\TasksFromBlinov_Java_Epam-master\TasksFromBlinov\src\onlyTests\DB\simpleBD\Abonent.java,onlyTests.DB.simpleBD.Abonent,getLastname/0,lastname,1
C:\TasksFromBlinov_Java_Epam-master\TasksFromBlinov\src\onlyTests\DB\simpleBD\Abonent.java,onlyTests.DB.simpleBD.Abonent,setLastname/1[java.lang.String],lastname,3
C:\TasksFromBlinov_Java_Epam-master\TasksFromBlinov\src\onlyTests\DB\simpleBD\Abonent.java,onlyTests.DB.simpleBD.Abonent,getPhone/0,phone,1
C:\TasksFromBlinov_Java_Epam-master\TasksFromBlinov\src\onlyTests\DB\simpleBD\Abonent.java,onlyTests.DB.simpleBD.Abonent,toString/0,phone,1
C:\TasksFromBlinov_Java_Epam-master\TasksFromBlinov\src\onlyTests\DB\simpleBD\Abonent.java,onlyTests.DB.simpleBD.Abonent,toString/0,lastname,1
C:\TasksFromBlinov_Java_Epam-master\TasksFromBlinov\src\onlyTests\DB\simpleBD\Abonent.java,onlyTests.DB.simpleBD.Abonent,setPhone/1[int],phone,3
C:\TasksFromBlinov_Java_Epam-master\TasksFromBlinov\src\chapter_10\task_B_13\SmallSquare.java,chapter_10.task_B_13.SmallSquare,getY/0,y,1
C:\TasksFromBlinov_Java_Epam-master\TasksFromBlinov\src\chapter_10\task_B_13\SmallSquare.java,chapter_10.task_B_13.SmallSquare,getyCircle/0,yCircle,1
C:\TasksFromBlinov_Java_Epam-master\TasksFromBlinov\src\chapter_10\task_B_13\SmallSquare.java,chapter_10.task_B_13.SmallSquare,getxCircle/0,xCircle,1
C:\TasksFromBlinov_Java_Epam-master\TasksFromBlinov\src\chapter_10\task_B_13\SmallSquare.java,chapter_10.task_B_13.SmallSquare,setX/1[int],x,3
C:\TasksFromBlinov_Java_Epam-master\TasksFromBlinov\src\chapter_10\task_B_13\SmallSquare.java,chapter_10.task_B_13.SmallSquare,toString/0,x,1
C:\TasksFromBlinov_Java_Epam-master\TasksFromBlinov\src\chapter_10\task_B_13\SmallSquare.java,chapter_10.task_B_13.SmallSquare,toString/0,y,1
C:\TasksFromBlinov_Java_Epam-master\TasksFromBlinov\src\chapter_10\task_B_13\SmallSquare.java,chapter_10.task_B_13.SmallSquare,getX/0,x,1
C:\TasksFromBlinov_Java_Epam-master\TasksFromBlinov\src\chapter_10\task_B_13\SmallSquare.java,chapter_10.task_B_13.SmallSquare,"setXYCircle/2[double,double]",xCircle,1
C:\TasksFromBlinov_Java_Epam-master\TasksFromBlinov\src\chapter_10\task_B_13\SmallSquare.java,chapter_10.task_B_13.SmallSquare,"setXYCircle/2[double,double]",yCircle,1
C:\TasksFromBlinov_Java_Epam-master\TasksFromBlinov\src\chapter_10\task_B_13\SmallSquare.java,chapter_10.task_B_13.SmallSquare,setY/1[int],y,3
C:\TasksFromBlinov_Java_Epam-master\TasksFromBlinov\src\chapter_10\task_B_13\SmallSquare.java,chapter_10.task_B_13.SmallSquare,"SmallSquare/2[int,int]",x,3
C:\TasksFromBlinov_Java_Epam-master\TasksFromBlinov\src\chapter_10\task_B_13\SmallSquare.java,chapter_10.task_B_13.SmallSquare,"SmallSquare/2[int,int]",y,3
C:\TasksFromBlinov_Java_Epam-master\TasksFromBlinov\src\chapter_10\task_B_13\SmallSquare.java,chapter_10.task_B_13.SmallSquare,SmallSquare/1[chapter_10.task_B_13.SmallSquare],x,1
C:\TasksFromBlinov_Java_Epam-master\TasksFromBlinov\src\chapter_10\task_B_13\SmallSquare.java,chapter_10.task_B_13.SmallSquare,SmallSquare/1[chapter_10.task_B_13.SmallSquare],y,1
C:\TasksFromBlinov_Java_Epam-master\TasksFromBlinov\src\chapter_11\task_A_4_bad\Operator.java,chapter_11.task_A_4_bad.Operator,Operator/1[chapter_11.task_A_4_bad.WaitQueue],waitQueue,3
C:\TasksFromBlinov_Java_Epam-master\TasksFromBlinov\src\chapter_11\task_A_4_bad\Operator.java,chapter_11.task_A_4_bad.Operator,run/0,waitQueue,2
C:\TasksFromBlinov_Java_Epam-master\TasksFromBlinov\src\chapter_8\task_B_4\Entity\Cucumber.java,chapter_8.task_B_4.Entity.Cucumber,"Cucumber/2[int,boolean]",koof,1
C:\TasksFromBlinov_Java_Epam-master\TasksFromBlinov\src\chapter_8\task_B_4\Entity\Salad.java,chapter_8.task_B_4.Entity.Salad,setVegetables/1[java.util.ArrayList<chapter_8.task_B_4.Entity.Vegetable>],vegetables,3
C:\TasksFromBlinov_Java_Epam-master\TasksFromBlinov\src\chapter_8\task_B_4\Entity\Salad.java,chapter_8.task_B_4.Entity.Salad,Salad/1[java.util.ArrayList<chapter_8.task_B_4.Entity.Vegetable>],vegetables,3
C:\TasksFromBlinov_Java_Epam-master\TasksFromBlinov\src\chapter_8\task_B_4\Entity\Salad.java,chapter_8.task_B_4.Entity.Salad,kkalIn100gr/0,vegetables,2
C:\TasksFromBlinov_Java_Epam-master\TasksFromBlinov\src\chapter_8\task_B_4\Entity\Salad.java,chapter_8.task_B_4.Entity.Salad,getVegetables/0,vegetables,1
C:\TasksFromBlinov_Java_Epam-master\TasksFromBlinov\src\chapter_8\task_B_4\Entity\Salad.java,chapter_8.task_B_4.Entity.Salad,addEngridient/1[chapter_8.task_B_4.Entity.Vegetable],vegetables,1
C:\TasksFromBlinov_Java_Epam-master\TasksFromBlinov\src\chapter_8\task_B_4\Entity\Bakladzhan.java,chapter_8.task_B_4.Entity.Bakladzhan,"Bakladzhan/2[int,boolean]",koof,1
C:\TasksFromBlinov_Java_Epam-master\TasksFromBlinov\src\chapter_8\task_B_4\Entity\VegOnGround.java,chapter_8.task_B_4.Entity.VegOnGround,"calculateKkal/3[int,boolean,int]",koof,3
C:\TasksFromBlinov_Java_Epam-master\TasksFromBlinov\src\chapter_8\task_B_4\Entity\VegOnGround.java,chapter_8.task_B_4.Entity.VegOnGround,VegOnGround/1[int],vitaminD,3
C:\TasksFromBlinov_Java_Epam-master\TasksFromBlinov\src\chapter_8\task_B_4\Entity\VegOnGround.java,chapter_8.task_B_4.Entity.VegOnGround,setRipe/1[boolean],koof,1
C:\TasksFromBlinov_Java_Epam-master\TasksFromBlinov\src\chapter_8\task_B_4\Entity\VegOnGround.java,chapter_8.task_B_4.Entity.VegOnGround,"VegOnGround/3[int,boolean,int]",koof,4
C:\TasksFromBlinov_Java_Epam-master\TasksFromBlinov\src\chapter_8\task_B_4\Entity\VegOnGround.java,chapter_8.task_B_4.Entity.VegOnGround,setMass/1[int],koof,1
C:\TasksFromBlinov_Java_Epam-master\TasksFromBlinov\src\chapter_13\task_A_11\Server.java,chapter_13.task_A_11.ServerThread,disconnect/0,os,2
C:\TasksFromBlinov_Java_Epam-master\TasksFromBlinov\src\chapter_13\task_A_11\Server.java,chapter_13.task_A_11.ServerThread,disconnect/0,is,2
C:\TasksFromBlinov_Java_Epam-master\TasksFromBlinov\src\chapter_13\task_A_11\Server.java,chapter_13.task_A_11.ServerThread,disconnect/0,addr,1
C:\TasksFromBlinov_Java_Epam-master\TasksFromBlinov\src\chapter_13\task_A_11\Server.java,chapter_13.task_A_11.ServerThread,ServerThread/1[java.net.Socket],os,1
C:\TasksFromBlinov_Java_Epam-master\TasksFromBlinov\src\chapter_13\task_A_11\Server.java,chapter_13.task_A_11.ServerThread,ServerThread/1[java.net.Socket],is,1
C:\TasksFromBlinov_Java_Epam-master\TasksFromBlinov\src\chapter_13\task_A_11\Server.java,chapter_13.task_A_11.ServerThread,ServerThread/1[java.net.Socket],addr,1
C:\TasksFromBlinov_Java_Epam-master\TasksFromBlinov\src\chapter_13\task_A_11\Server.java,chapter_13.task_A_11.ServerThread,run/0,os,6
C:\TasksFromBlinov_Java_Epam-master\TasksFromBlinov\src\chapter_13\task_A_11\Server.java,chapter_13.task_A_11.ServerThread,run/0,is,1
C:\TasksFromBlinov_Java_Epam-master\TasksFromBlinov\src\chapter_12\task_A_2\FilmsDao.java,chapter_12.task_A_2.FilmsDao,findThisAndLastYear/0,GET_ALL_FILMS_THIS_LAST_YEAR,1
C:\TasksFromBlinov_Java_Epam-master\TasksFromBlinov\src\chapter_12\task_A_2\FilmsDao.java,chapter_12.task_A_2.FilmsDao,"find/2[java.lang.String,java.lang.String]",connectorDB,3
C:\TasksFromBlinov_Java_Epam-master\TasksFromBlinov\src\chapter_12\task_A_2\FilmsDao.java,chapter_12.task_A_2.FilmsDao,deleteFilmsLowYear/1[java.lang.String],DELETE_FILMS_LOW_YEAR,1
C:\TasksFromBlinov_Java_Epam-master\TasksFromBlinov\src\chapter_12\task_A_2\FilmsDao.java,chapter_12.task_A_2.FilmsDao,findActorsInNFilmS/1[java.lang.String],GET_ACTORS_IN_N_FILMS,1
C:\TasksFromBlinov_Java_Epam-master\TasksFromBlinov\src\chapter_12\task_A_2\FilmsDao.java,chapter_12.task_A_2.FilmsDao,findAllActorsInFilm/1[java.lang.String],GET_ALL_ACTORS_IN_FILM,1
C:\TasksFromBlinov_Java_Epam-master\TasksFromBlinov\src\chapter_12\task_A_2\FilmsDao.java,chapter_12.task_A_2.FilmsDao,find/1[java.lang.String],connectorDB,3
C:\TasksFromBlinov_Java_Epam-master\TasksFromBlinov\src\chapter_12\task_A_2\FilmsDao.java,chapter_12.task_A_2.FilmsDao,"deleteRows/2[java.lang.String,java.lang.String]",connectorDB,2
C:\TasksFromBlinov_Java_Epam-master\TasksFromBlinov\src\chapter_12\task_A_2\FilmsDao.java,chapter_12.task_A_2.FilmsDao,findAll/0,GET_ALL,1
C:\TasksFromBlinov_Java_Epam-master\TasksFromBlinov\src\onlyTests\DB\simpleBD\Entity.java,onlyTests.DB.simpleBD.Entity,getId/0,id,1
C:\TasksFromBlinov_Java_Epam-master\TasksFromBlinov\src\onlyTests\DB\simpleBD\Entity.java,onlyTests.DB.simpleBD.Entity,setId/1[int],id,3
C:\TasksFromBlinov_Java_Epam-master\TasksFromBlinov\src\onlyTests\DB\simpleBD\Entity.java,onlyTests.DB.simpleBD.Entity,Entity/1[int],id,3
C:\TasksFromBlinov_Java_Epam-master\TasksFromBlinov\src\onlyTests\threads\semafors\ChannelPool.java,onlyTests.threads.semafors.ChannelPool,ChannelPool/1[java.util.Queue<T>],resources,1
C:\TasksFromBlinov_Java_Epam-master\TasksFromBlinov\src\onlyTests\threads\semafors\ChannelPool.java,onlyTests.threads.semafors.ChannelPool,returnResource/1[T],resources,1
C:\TasksFromBlinov_Java_Epam-master\TasksFromBlinov\src\onlyTests\threads\semafors\ChannelPool.java,onlyTests.threads.semafors.ChannelPool,returnResource/1[T],semaphore,1
C:\TasksFromBlinov_Java_Epam-master\TasksFromBlinov\src\chapter_12\task_A_2\ConnectorDB.java,chapter_12.task_A_2.ConnectorDB,getPrepareStatement/1[java.lang.String],connection,2
C:\TasksFromBlinov_Java_Epam-master\TasksFromBlinov\src\chapter_12\task_A_2\ConnectorDB.java,chapter_12.task_A_2.ConnectorDB,ConnectorDB/0,connection,1
C:\TasksFromBlinov_Java_Epam-master\TasksFromBlinov\src\chapter_12\task_A_2\ConnectorDB.java,chapter_12.task_A_2.ConnectorDB,getStatement/0,connection,2
C:\TasksFromBlinov_Java_Epam-master\TasksFromBlinov\src\chapter_12\task_A_2\ConnectorDB.java,chapter_12.task_A_2.ConnectorDB,closeConnection/0,connection,2
C:\TasksFromBlinov_Java_Epam-master\TasksFromBlinov\src\chapter_8\task_B_4\Entity\Carrot.java,chapter_8.task_B_4.Entity.Carrot,"Carrot/2[int,boolean]",koof,1
C:\TasksFromBlinov_Java_Epam-master\TasksFromBlinov\src\chapter_11\task_A_4_bad\WaitQueue.java,chapter_11.task_A_4_bad.WaitQueue,WaitQueue/1[java.util.LinkedList<chapter_11.task_A_4_bad.Client>],clientsInWait,1
C:\TasksFromBlinov_Java_Epam-master\TasksFromBlinov\src\chapter_11\task_A_4_bad\WaitQueue.java,chapter_11.task_A_4_bad.WaitQueue,getClientsInWait/0,clientsInWait,1
C:\TasksFromBlinov_Java_Epam-master\TasksFromBlinov\src\chapter_12\task_A_2\Actor.java,chapter_12.task_A_2.Actor,"Actor/2[java.lang.String,java.util.Date]",nameActor,3
C:\TasksFromBlinov_Java_Epam-master\TasksFromBlinov\src\chapter_12\task_A_2\Actor.java,chapter_12.task_A_2.Actor,"Actor/2[java.lang.String,java.util.Date]",bornDate,3
C:\TasksFromBlinov_Java_Epam-master\TasksFromBlinov\src\chapter_12\task_A_2\Actor.java,chapter_12.task_A_2.Actor,getNameActor/0,nameActor,1
C:\TasksFromBlinov_Java_Epam-master\TasksFromBlinov\src\chapter_12\task_A_2\Actor.java,chapter_12.task_A_2.Actor,setBornDate/1[java.util.Date],bornDate,3
C:\TasksFromBlinov_Java_Epam-master\TasksFromBlinov\src\chapter_12\task_A_2\Actor.java,chapter_12.task_A_2.Actor,getBornDate/0,bornDate,1
C:\TasksFromBlinov_Java_Epam-master\TasksFromBlinov\src\chapter_12\task_A_2\Actor.java,chapter_12.task_A_2.Actor,"Actor/3[int,java.lang.String,java.util.Date]",nameActor,3
C:\TasksFromBlinov_Java_Epam-master\TasksFromBlinov\src\chapter_12\task_A_2\Actor.java,chapter_12.task_A_2.Actor,"Actor/3[int,java.lang.String,java.util.Date]",bornDate,3
C:\TasksFromBlinov_Java_Epam-master\TasksFromBlinov\src\chapter_12\task_A_2\Actor.java,chapter_12.task_A_2.Actor,setNameActor/1[java.lang.String],nameActor,3
C:\TasksFromBlinov_Java_Epam-master\TasksFromBlinov\src\chapter_12\task_A_2\Actor.java,chapter_12.task_A_2.Actor,toString/0,nameActor,1
C:\TasksFromBlinov_Java_Epam-master\TasksFromBlinov\src\chapter_12\task_A_2\Actor.java,chapter_12.task_A_2.Actor,toString/0,bornDate,1
C:\TasksFromBlinov_Java_Epam-master\TasksFromBlinov\src\onlyTests\DB\dbHelper\DataBaseHelper.java,onlyTests.DB.dbHelper.DataBaseHelper,DataBaseHelper/0,connect,1
C:\TasksFromBlinov_Java_Epam-master\TasksFromBlinov\src\onlyTests\DB\dbHelper\DataBaseHelper.java,onlyTests.DB.dbHelper.DataBaseHelper,getPreparedStatement/0,SQL_INSERT,1
C:\TasksFromBlinov_Java_Epam-master\TasksFromBlinov\src\onlyTests\DB\dbHelper\DataBaseHelper.java,onlyTests.DB.dbHelper.DataBaseHelper,getPreparedStatement/0,connect,1
C:\TasksFromBlinov_Java_Epam-master\TasksFromBlinov\src\chapter_5\task_17\Cinema.java,chapter_5.task_17.Cinema$Film,"Film/3[java.lang.String,java.lang.String,int]",minut,3
C:\TasksFromBlinov_Java_Epam-master\TasksFromBlinov\src\chapter_5\task_17\Cinema.java,chapter_5.task_17.Cinema$Film,"Film/3[java.lang.String,java.lang.String,int]",zanr,3
C:\TasksFromBlinov_Java_Epam-master\TasksFromBlinov\src\chapter_5\task_17\Cinema.java,chapter_5.task_17.Cinema$Film,"Film/3[java.lang.String,java.lang.String,int]",name,3
C:\TasksFromBlinov_Java_Epam-master\TasksFromBlinov\src\chapter_5\task_17\Cinema.java,chapter_5.task_17.Cinema$Film,toString/0,minut,1
C:\TasksFromBlinov_Java_Epam-master\TasksFromBlinov\src\chapter_5\task_17\Cinema.java,chapter_5.task_17.Cinema$Film,toString/0,zanr,1
C:\TasksFromBlinov_Java_Epam-master\TasksFromBlinov\src\chapter_5\task_17\Cinema.java,chapter_5.task_17.Cinema$Film,toString/0,name,1
C:\TasksFromBlinov_Java_Epam-master\TasksFromBlinov\src\onlyTests\DB\dbHelper\Entity.java,onlyTests.DB.dbHelper.Entity,getId/0,id,1
C:\TasksFromBlinov_Java_Epam-master\TasksFromBlinov\src\onlyTests\DB\dbHelper\Entity.java,onlyTests.DB.dbHelper.Entity,setId/1[int],id,3
C:\TasksFromBlinov_Java_Epam-master\TasksFromBlinov\src\onlyTests\DB\dbHelper\Entity.java,onlyTests.DB.dbHelper.Entity,Entity/1[int],id,3
